ID , Name , CAS , Year , Status , Is_a_Metabolite , Has_a_Metabolite , Route , VD(hour) , Cl(liter/hour) , t1/2(hour) , PPB(percentage) , F(percentage) , Cmax , Cmax_unit ,MW (g/mol)
1835, L-GLUTAMINE , 56-85-9 ,2004,  ,  ,  , ORAL ,13,,1,,,1028, MICROMOLAR ,146.14
433, CARBIDOPA , 28860-95-9 ,1975,  ,  ,  , ORAL ENTERAL ,,,1.8,36,99,995, NANOMOLAR ,226.229
484, OXAMNIQUINE , 21738-42-1 ,1980, DISCONTINUED ,  ,  , ORAL ,,,2.2,,,992, NANOMOLAR ,279.3
815, ZALEPLON , 151319-34-5 ,1999,  ,  ,  , ORAL ,91,195,1,60,30,980, NANOMOLAR ,305.34
628, CLOZAPINE , 5786-21-0 ,1989,  ,  ,  , ORAL ,104,9.7,8,97,,977, NANOMOLAR ,326.823
1875, COPANLISIB , 1032568-63-0 ,2017,  ,  ,  , INTRAVENOUS ,871,17.9,39.1,84.2,,964, NANOMOLAR ,553.4
1308, SITAGLIPTIN , 486460-32-6 ,2006,  ,  ,  , ORAL ,198,11,12.4,38,87,950, NANOMOLAR ,407.314
1707, M TAMOXIFEN , 31750-48-8 ,0,  ,473,  ,  ,,,336,,,941, NANOMOLAR ,371.515
1754, M CLOFIBRATE , 882-09-7 ,0,  ,362,  ,  ,,,20,96,,932.8, MICROMOLAR ,242.7
1693, M CLOMIPRAMINE , 303-48-0 ,0,  ,650,  ,  ,,,69,,,912, NANOMOLAR ,314.9
466, SCOPOLAMINE , 51-34-3 ,1979,  ,  ,  , TRANSDERMAL ,201.5,62.4,9.5,10,29.4,906, NANOMOLAR ,303.353
1824, LIFITEGRAST , 1025967-78-5 ,2016,  ,  ,  , OPHTHALMIC ,,,,,,900, PICOMOLAR ,615.5
512, VERAPAMIL , 52-53-9 ,1981,  ,  ,  , INJECTION ORAL INTRAVENOUS ,240.5,70.2,5.1,90,13,881, NANOMOLAR ,454.602
1372, SULBACTAM , 68373-14-8 ,1986,  ,  ,  , INJECTION ,20.8,19.8,1,38,,871, MICROMOLAR ,233.243
1014, TICARCILLIN , 34787-01-4 ,1976, DISCONTINUED ,  ,  , INJECTION ,10.4,7,1.1,45,,859, MICROMOLAR ,384.429
749, FEXOFENADINE , 138452-21-8 ,1996,  ,  ,  , ORAL ,,,14.4,65,,820, NANOMOLAR ,501.667
686, VENLAFAXINE , 93413-69-5 ,1993,  ,  ,  1432  1433  , ORAL ,487,84.5,5,27,92,812, NANOMOLAR ,277.402
121, PYRIMETHAMINE , 58-14-0 ,1953,  ,  ,  , ORAL ,149.5,0.2,100,90,,805, NANOMOLAR ,248.71
166, PREDNISONE , 53-03-2 ,1955,  ,  ,  , ORAL ,37,11,2.6,73,,801, NANOMOLAR ,358.428
63, LIDOCAINE , 137-58-6 ,1948,  ,  ,  , INJECTION TOPICAL ORAL SPINAL RECTAL IONTOPHORESIS BUCCAL PERIODONTAL INTRADERMAL INTRAMUSCULAR INTRAVENOUS OPHTHALMIC ,117,57,1.75,70,,777, NANOMOLAR ,234.3373
587, ALFENTANIL , 71195-58-9 ,1986,  ,  ,  , INJECTION ,45.5,19.5,1.6,92,,769, NANOMOLAR ,416.52
34, TRIPELENNAMINE , 91-81-6 ,1948, DISCONTINUED ,  ,  , ORAL ,,,4.4,,,760.7, NANOMOLAR ,291.82
1726, NETUPITANT , 290297-26-6 ,2014,  ,1882,  , ORAL ,1982,20.3,96,99.5,,750.8, NANOMOLAR ,578.61
762, RILUZOLE , 1744-22-5 ,1995,  ,  ,  , ORAL ,245,,12,96,60,739, NANOMOLAR ,234.2
1454, FOSPROPOFOL , 258516-89-1 ,0, DISCONTINUED ,  ,615, INTRAVENOUS ,21.4,18.2,0.81,98,,732.6, MICROMOLAR ,332.24
950, POSACONAZOLE , 171228-49-2 ,2006,  ,  ,  , ORAL INTRAVENOUS ,1774,32,37,98,,731, NANOMOLAR ,700.8
1850, GLECAPREVIR , 1365970-03-1 ,2017,  ,  ,  , ORAL ,,,6,97.5,,712.4, NANOMOLAR ,838.9
514, INDAPAMIDE , 26807-65-8 ,1983,  ,  ,  , ORAL ,,,14,75,100,711.5, NANOMOLAR ,365.835
470, BROMOCRIPTINE , 25614-03-3 ,1978,  ,  ,  , ORAL ,61,7,6,93,80,711, PICOMOLAR ,654.595
342, MELPHALAN , 148-82-3 ,1964,  ,  ,  , ORAL INJECTION INTRAVENOUS ,32.5,27.3,1.5,72,74,695, NANOMOLAR ,341.7
1880, ACALABRUTINIB , 1420477-60-6 ,2017,  ,  ,  , ORAL ,34,159,0.9,97.5,25,694, NANOMOLAR ,465.51
650, CLOMIPRAMINE , 303-49-1 ,1989,  ,  ,1693, ORAL ,845,31.9,32,97,,693, NANOMOLAR ,314.9
1720, EMPAGLIFLOZIN , 864070-44-0 ,2014,  ,  ,  , ORAL ,73.8,10.6,12.4,86.2,,687, NANOMOLAR ,450.91
65, SULFISOXAZOLE , 127-69-5 ,1971, DISCONTINUED ,66,  , ORAL INJECTION OPHTHALMIC ,11,1.17,6.2,92,,682, MICROMOLAR ,267.3
114, CODEINE , 76-57-3 ,1952,  ,  ,  , ORAL ,292.5,58.5,2.9,16,,662.2, NANOMOLAR ,299.3
1400, ACRIVASTINE , 87848-99-5 ,1994,  ,  ,  , ORAL ,29.9,11.3,1.9,50,,652, NANOMOLAR ,348.4
934, DECITABINE , 2353-33-5 ,2006,  ,  ,  , INTRAVENOUS ,299,130,0.54,0,,644, NANOMOLAR ,228.2
17, ESTRADIOL , 50-28-2 ,1957,  ,  19  20  21  1825  ,11, TRANSDERMAL VAGINAL ORAL TOPICAL INJECTION ,78,117,1.7,98.4,,639.7, PICOMOLAR ,272.3
674, FOSCARNET , 4428-95-9 ,1991,  ,  ,  , INJECTION ,33.8,7.1,3.3,16,,623, MICROMOLAR ,126
1874, ERTUGLIFLOZIN , 1210344-57-2 ,2017,  ,  ,  , ORAL ,85.5,11.2,16.6,93.6,,613.7, NANOMOLAR ,436.9
524, BUPROPION , 34911-55-2 ,1985,  ,  ,  , ORAL ,1950,209,21,84,,597, NANOMOLAR ,239.7
1039, CEFONICID , 61270-58-4 ,1993, DISCONTINUED ,  ,  , INJECTION ,455,87,5.1,83,,597, MICROMOLAR ,542.5
113, HYDRALAZINE , 86-54-4 ,1953,  ,  ,  , ORAL INJECTION ,143,331.5,1,88,18,583, NANOMOLAR ,160.1
1032, CEFTIZOXIME , 68401-81-0 ,1983, DISCONTINUED ,  ,  , INJECTION ,13,8.2,1.5,28,,577, MICROMOLAR ,383.4
751, ZAFIRLUKAST , 107753-78-6 ,1996,  ,  ,  , ORAL ,70,20,10,99,,567, NANOMOLAR ,575.6
485, VALPROIC ACID , 99-66-1 ,1978,  ,  ,  , ORAL INJECTION ,11,0.56,12.5,82,90,563, MICROMOLAR ,144.2
1609, NORFLUOXETINE , 83891-03-6 ,0,  ,  561  1174  ,  ,  ,,,240,,,559, NANOMOLAR ,295.3
1048, CEFPIRAMIDE , 70797-11-4 ,1989, DISCONTINUED ,  ,  , INJECTION ,,,5,,87.5,553, MICROMOLAR ,612.6
857, HYDROQUINONE , 123-31-9 ,2002,  ,  ,  , TOPICAL ,,,,,,538.7, NANOMOLAR ,110.1
1800, COBIMETINIB , 934660-93-2 ,2015,  ,  ,  , ORAL ,806,13.8,44,95,46,514, NANOMOLAR ,531.3
886, VALDECOXIB , 181695-72-7 ,2001, DISCONTINUED ,  ,  , ORAL ,86,6,8.11,98,83,513, NANOMOLAR ,314.36
618, RIMANTADINE , 13392-28-4 ,1993,  ,  ,  , ORAL ,219,3.9,39,40,,510, NANOMOLAR ,215.7
1823, CRISABOROLE , 906673-24-3 ,2016,  ,  ,  , TOPICAL ,,,,97,,506, NANOMOLAR ,251.1
1027, CEFOPERAZONE , 62893-19-0 ,1982, DISCONTINUED ,  ,  , INJECTION ,11,5,2,90,,503, MICROMOLAR ,645.6
289, ETHOSUXIMIDE , 77-67-8 ,1960,  ,  ,  , ORAL ,45.5,,60,0,,496, MICROMOLAR ,141.1
508, DIFLUNISAL , 22494-42-4 ,1982,  ,  ,  , ORAL ,6.3,0.39,10,99,,496, MICROMOLAR ,250.1
1128, ETHOSUXIMIDE , 77-67-8 ,1960,  ,  ,  , ORAL ,45.5,,60,0,,496, MICROMOLAR ,141.1
1001, SPECTINOMYCIN , 1695-77-8 ,1971, DISCONTINUED ,  ,  , INJECTION ,8.4,3.8,1.8,,,481, MICROMOLAR ,332.3
1025, CEFOTAXIME , 63527-52-6 ,1981,  ,  ,  , INJECTION ,12.3,10.5,1,40,,471, MICROMOLAR ,455.4
641, SERTRALINE , 79617-96-2 ,1991,  ,  ,  , ORAL ,,,26,98,,464, NANOMOLAR ,306.2
256, HYDROCHLOROTHIAZIDE , 58-93-5 ,1959,  ,  ,  , ORAL ,370.5,23,4.5,67.9,,454.2, NANOMOLAR ,297.7
1061, RIFABUTIN , 72559-06-9 ,1992,  ,  ,  , ORAL ,604.5,44.8,45,85,20,443.2, NANOMOLAR ,847
1674, M TRAMADOL , 144830-14-8 ,0,  ,  714  1675  1677  1679  ,  ,  ,,,7.4,,,441, NANOMOLAR ,263.3
973, AMPICILLIN , 69-53-4 ,1965,  ,  972  1020  ,  , INJECTION INTRAVENOUS ORAL ,14,10.9,1,28,,429, MICROMOLAR ,349.4
844, ZANAMIVIR , 139110-80-8 ,1999,  ,  ,  , INHALATION ,14.9,6.7,3.8,10,10.5,427.7, NANOMOLAR ,332.3
502, PINDOLOL , 13523-86-9 ,1982,  ,  ,  , ORAL ,130,30,3.5,40,95,427, NANOMOLAR ,248.3
442, NAPROXEN , 22204-53-1 ,1976,  ,  ,  , ORAL ,10.4,0.507,14.5,99,95,423, MICROMOLAR ,230.2
18, ETHINYL ESTRADIOL , 57-63-6 ,1943,  ,383,  , ORAL TRANSDERMAL VAGINAL ,279.5,27.3,9.7,97,,418.9, NANOMOLAR ,296.4
426, LOXAPINE , 1977-10-2 ,1975,  ,  ,  , ORAL INJECTION INHALATION ,509.8,48.4,7.3,,,415, NANOMOLAR ,445.9
1317, CEFOTETAN , 69712-56-7 ,1985,  ,  ,  , INJECTION ,10.4,1.8,3.8,88,,412, MICROMOLAR ,619.6
595, PINACIDIL , 60560-33-0 ,1989, DISCONTINUED ,  ,  , ORAL ,91,31.5,2,,57,408, MICROMOLAR ,245.3
1008, CEFAZOLIN , 25953-19-9 ,1973,  ,  ,  , INJECTION INTRAVENOUS ,7.8,3.4,1.8,82,,407, MICROMOLAR ,454.5
746, AMLEXANOX , 68302-57-8 ,1996, DISCONTINUED ,  ,  , DENTAL TOPICAL ,,,3.5,,,402, NANOMOLAR ,298.2
652, ZOLPIDEM , 82626-48-0 ,1992,  ,  ,  , ORAL SUBLINGUAL ,31.5,16.7,2.5,92.5,,394, NANOMOLAR ,307.3
546, CICLOPIROX , 29342-05-0 ,1982,  ,  ,  , TOPICAL ,,,1.7,,1.3,386, NANOMOLAR ,268.3
47, THIAMINE , 59-43-8 ,1947,  ,  ,  , INJECTION INTRAVENOUS ,,,,,,385, NANOMOLAR ,265.3
452, DIFENOXIN , 28782-42-5 ,1978,  ,297,  , ORAL ,,,13,,,377, NANOMOLAR ,461
1498, ULIPRISTAL ACETATE , 126784-99-4 ,2010,  ,  ,1540, ORAL ,,76.8,32,94,,370.5, NANOMOLAR ,475.6
288, TRANYLCYPROMINE , 155-09-9 ,1961,  ,  ,  , ORAL ,144.5,63.4,1.58,,,368.4, NANOMOLAR ,133.1
1092, DIHYDROARTEMISININ , 71939-50-9 ,0,  ,1087,  ,  ,,,2,61,,366, NANOMOLAR ,284.3
1731, LEDIPASVIR , 1256388-51-8 ,2014,  ,  ,  , ORAL ,,,47,99.8,,363.7, NANOMOLAR ,889
742, GLIMEPIRIDE , 93479-97-1 ,1995,  ,  ,  , ORAL ,8.8,2.8,5.08,95.5,100,353, NANOMOLAR ,490.6
481, GUANADREL , 40580-59-4 ,1982, DISCONTINUED ,  ,  , ORAL ,747,162,3.7,,,351, NANOMOLAR ,524.6
1734, PARITAPREVIR , 1216941-48-8 ,2014,  ,  ,  , ORAL ,16.7,2.1,5.5,97.8,,342.4, NANOMOLAR ,765.8
1057, CEFEPIME , 88040-23-7 ,1996,  ,  ,  , INJECTION INTRAVENOUS ,18,7.2,2,20,82,340.7, MICROMOLAR ,480.5
1728, ELIGLUSTAT , 491833-29-5 ,2014,  ,  ,  , ORAL ,835,88,8.9,79.5,,339, NANOMOLAR ,404.5
731, AZELAIC ACID , 123-99-9 ,1995,  ,  ,  , TOPICAL ,,,0.75,,4,335, NANOMOLAR ,188.2
457, DOBUTAMINE , 34368-04-2 ,1978,  ,  ,  , INJECTION ,13,249,0.033,,,332, NANOMOLAR ,301.3
510, NIFEDIPINE , 21829-25-4 ,1981,  ,  ,  , ORAL ,51.3,31.1,2,95,86,332, NANOMOLAR ,346.3
1155, DOBUTAMINE , 34368-04-2 ,1978,  ,  ,  , INJECTION ,13,249,0.033,,,332, NANOMOLAR ,301.3
473, TAMOXIFEN , 10540-29-1 ,1977,  ,  ,1707, ORAL ,,,144,99,,323, NANOMOLAR ,371.5
920, BORTEZOMIB , 179324-69-7 ,2003,  ,  ,  , INTRAVENOUS SUBCUTANEOUS INJECTION ,1917,32,92,83,,321.7, NANOMOLAR ,384.2
1907, TAFENOQUINE , 106635-80-7 ,2018,  ,  ,  , ORAL ,2470,4.2,396,99.5,,317, NANOMOLAR ,463.5
85, OXYCODONE , 76-42-6 ,1950,  ,  ,  , ORAL ,169,48,4.5,45,73.5,312.7, NANOMOLAR ,315.3
60, DOXYLAMINE , 469-21-6 ,1948,  ,  ,  , ORAL ,,11.7,12.5,,,308, NANOMOLAR ,270.3
785, FOMEPIZOLE , 7554-65-6 ,1997,  ,  ,  , INJECTION ,52.6,,,,,300, MICROMOLAR ,82.1
1497, DIENOGEST , 65928-58-7 ,2010,  ,  ,  , ORAL ,46,2.9,11,90,91,294.8, NANOMOLAR ,311.4
1818, VELPATASVIR , 1377049-84-7 ,2016,  ,  ,  , ORAL ,,,15,99.5,,293, NANOMOLAR ,883
519, FLUTAMIDE , 13311-84-7 ,1989,  ,  ,1705, ORAL ,,,7.8,95,100,282.6, NANOMOLAR ,276.2
601, NICARDIPINE , 55985-32-5 ,1988,  ,  ,  , ORAL INJECTION INTRAVENOUS ,539,26,4.1,95,35,277, NANOMOLAR ,479.5
1043, IMIPENEM , 64221-86-9 ,1985,  ,  ,  , INTRAVENOUS INTRAMUSCULAR INJECTION ,14.8,11.7,1,20,75,277, MICROMOLAR ,299.3
529, MIDAZOLAM , 59467-70-8 ,1985,  ,  ,  , INJECTION ORAL INTRAMUSCULAR NASAL ,133.2,25.6,4.1,97,90,276.5, NANOMOLAR ,325.7
1236, MORPHINE , 57-27-2 ,1984,  ,  ,  , INJECTION ORAL EPIDURAL INTRAMUSCULAR INTRAVENOUS ,227,97.5,2,27,40,273, NANOMOLAR ,285.3
403, FLUCYTOSINE , 2022-85-7 ,1971,  ,  ,280, ORAL ,44.2,7.8,3.6,4,83,271.3, MICROMOLAR ,129
1504, CABAZITAXEL , 183133-96-2 ,2010,  ,  ,  , INTRAVENOUS INJECTION IV ,4864,48.5,95,91,,270, NANOMOLAR ,835.9
310, SULFAMETHOXAZOLE , 723-46-6 ,1973,  ,  ,  , ORAL INJECTION ,19.5,1.4,10,70,,268.7, MICROMOLAR ,253.2
1018, CEFOXITIN , 35607-66-0 ,1978,  ,  ,  , INJECTION INTRAVENOUS ,11,14,0.81,27,,257, MICROMOLAR ,427.5
1878, AVATROMBOPAG , 570406-98-3 ,2018,  ,  ,  , ORAL ,180,6.9,19,96,,255.6, NANOMOLAR ,649.7
1870, SECNIDAZOLE , 3366-95-8 ,2017,  ,  ,  , ORAL ,42,1.5,17,5,,245.3, MICROMOLAR ,185.18
341, NORTRIPTYLINE , 72-69-5 ,1964,  ,  ,  , ORAL ,1430,39,30,88,,241, NANOMOLAR ,263.3
855, DROSPIRENONE , 67392-87-4 ,2001,  ,  ,  , ORAL ,260,5.8,30.9,97,76,239.6, NANOMOLAR ,366.4
197, MECLIZINE , 569-65-3 ,1957,  ,  ,  , ORAL ,,59,5.5,,,235.6, NANOMOLAR ,390.9
1038, CEFTAZIDIME , 72558-82-8 ,1985,  ,  ,  , INJECTION IV ,20.1,6.9,1.9,10,,235, MICROMOLAR ,546.5
302, METRONIDAZOLE , 443-48-1 ,1963,  ,  ,  , ORAL INJECTION TOPICAL VAGINAL ,26,3.3,8,20,,233.9, MICROMOLAR ,171.1
1578, TERIFLUNOMIDE , 163451-81-8 ,2012,  ,822,  , ORAL ,11,0.0305,456,99,80,233.3, MICROMOLAR ,270.2
1924, DACOMITINIB , 1110813-31-4 ,2018,  ,  ,  , ORAL ,1889,24.9,70,98,80,230, NANOMOLAR ,469.9
1062, PYRAZINAMIDE , 98-96-4 ,1971,  ,  ,1613, ORAL ,55.1,3.82,10,10,96.8,227.8, MICROMOLAR ,123.1
840, CYCLOSPORINE , 59865-13-3 ,1983,  ,  ,  , OPHTHALMIC INJECTION ORAL ,214,29.2,19,90,30,224, NANOMOLAR ,"1,202.60"
1847, VOXILAPREVIR , 1535212-07-7 ,2017,  ,  ,  , ORAL ,,,33,99,,221, NANOMOLAR ,868.9
44, MOMETASONE FUROATE , 83919-23-7 ,1987,  ,  ,605, TOPICAL NASAL INHALATION IMPLANTATION ,152,48.7,5.8,98.5,,218.8, PICOMOLAR ,521.4
200, TOLBUTAMIDE , 64-77-7 ,1957,  ,  ,  , ORAL INJECTION ,7.8,0.819,7,95,,217.7, MICROMOLAR ,292.3
478, AMOXAPINE , 14028-44-5 ,1980,  ,  ,  , ORAL ,,,8,90,,215, NANOMOLAR ,313.8
1816, GRAZOPREVIR , 1350514-68-9 ,2016,  ,  ,  , ORAL ,1250,,31,98.8,,215, NANOMOLAR ,766.9
1289, OSELTAMIVIR , 196618-13-0 ,1999,  ,  ,1561, ORAL ,,,2,42,,208.3, NANOMOLAR ,312.4
30, DIPHENHYDRAMINE , 58-73-1 ,1946,  ,  ,  , ORAL INJECTION ,422,38.2,9.3,81,,207.8, NANOMOLAR ,255.3
435, DANAZOL , 17230-88-5 ,1976,  ,  ,  , ORAL ,10175,727,9.7,,,206, NANOMOLAR ,337.5
436, FENOPROFEN , 29679-58-1 ,1976,  ,  ,  , ORAL ,,,3,99,,206, MICROMOLAR ,242.2
705, GRANISETRON , 109889-09-0 ,1993,  ,  ,  , INJECTION ORAL TRANSDERMAL SUBCUTANEOUS ,197,51.3,4.9,65,,206, NANOMOLAR ,312.4
1607, PHENYLACETATE , 7631-42-7 ,0,  ,1416,  ,  ,,,1.15,51,,205.8, MICROMOLAR ,136.1
387, CYTARABINE , 147-94-4 ,1969,  ,  ,1750, INJECTION INTRAVENOUS ,0.89,0.014,44.1,,,205.7, MICROMOLAR ,243.2
1087, ARTEMETHER , 71963-77-4 ,2009,  ,  ,1092, ORAL ,,,2,95.4,,201, NANOMOLAR ,298.3
699, AMIFOSTINE , 20537-88-6 ,1995,  ,  ,1683, INJECTION ,7,120,0.13,,,200, MICROMOLAR ,268.2
1914, BALOXAVIR , 1985605-59-1 ,0,  ,1913,  ,  ,1180,10.3,79.1,93.4,,199, NANOMOLAR ,571.6
417, PILOCARPINE , 92-13-7 ,1974,  ,  ,  , OPHTHALMIC ORAL ,,,1.35,0,,197, NANOMOLAR ,208.2
278, SPIRONOLACTONE , 52-01-7 ,1960,  ,  ,  , ORAL ,,,,90,,193.2, NANOMOLAR ,416.5
921, TINIDAZOLE , 19387-91-8 ,2004,  ,  ,  , ORAL ,50,2.34,13.2,12,,193.1, MICROMOLAR ,247.2
148, PROGESTERONE , 57-83-0 ,1976,  ,  ,  , INJECTION INTRAUTERINE ORAL VAGINAL ,5252,104.6,34.8,97,,193, NANOMOLAR ,314.4
46, PYRIDOXINE , 65-23-6 ,1947,  ,  ,  , INJECTION ORAL INTRAVENOUS ,,,0.5,,,192, NANOMOLAR ,169.1
1065, FOSFOMYCIN , 23155-02-4 ,1996,  ,  ,  , ORAL ,136.1,16.9,5.7,0,37,189, MICROMOLAR ,138
1919, LUSUTROMBOPAG , 1110766-97-6 ,2018,  ,  ,  , ORAL ,39.5,1.1,27,99.9,,187.7, NANOMOLAR ,591.5
666, PAROXETINE , 61869-08-7 ,1992,  ,  ,  , ORAL ,1170,70.2,21,94,,187, NANOMOLAR ,329.3
186, HYDROXYZINE , 68-88-2 ,1956,  ,  ,  , ORAL INJECTION ,1040,39,16.5,,,186.9, NANOMOLAR ,374.9
1106, AMPHETAMINE , 300-62-9 ,1955,  ,  22  294  ,  177  1319  249  , ORAL ,396,37,7.3,20,,185, NANOMOLAR ,135.2
1332, DEXTROAMPHETAMINE , 51-64-9 ,1955,  ,1306,  177  1319  , ORAL ,396,37,7.3,20,,185, NANOMOLAR ,135.2
507, GEMFIBROZIL , 25812-30-0 ,1981,  ,  ,  , ORAL ,11,7.8,1.5,98,100,184, MICROMOLAR ,250.3
322, TRIAMTERENE , 396-01-0 ,1964,  ,  ,  , ORAL ,845,245.7,4.3,58,,183.3, NANOMOLAR ,253.2
599, FAMOTIDINE , 76824-35-6 ,1986,  ,  ,  , ORAL INJECTION ,84.5,25.3,2.8,17,45,181, NANOMOLAR ,337.4
561, FLUOXETINE , 54910-89-3 ,1987,  ,  ,  1609  1610  , ORAL ,1950,,120,94.5,,178, NANOMOLAR ,309.3
885, ERTAPENEM , 153832-46-3 ,2001,  ,  ,  , INTRAMUSCULAR INTRAVENOUS ,7.8,1.8,4,90,90,174, MICROMOLAR ,475.5
1299, SOLIFENACIN , 242478-37-1 ,2004,  ,  ,  , ORAL ,600,7.3,56.5,98,90,173.7, NANOMOLAR ,362.4
1873, VABORBACTAM , 1360457-46-0 ,2017,  ,  ,  , INTRAVENOUS ,18.6,10.9,1.68,33,,170.7, MICROMOLAR ,297.1
438, BECLOMETHASONE DIPROPIONATE , 5534-09-8 ,1976,  ,  ,1570, INHALATION NASAL ,20,150,0.5,87,,169, PICOMOLAR ,521
388, DOXEPIN , 1668-19-5 ,1969,  ,  ,  1747  1748  , ORAL TOPICAL ,11930,540,15.3,80,,168, NANOMOLAR ,279.3
458, CYCLOBENZAPRINE , 303-53-7 ,1977,  ,  ,  , ORAL ,1939,42,32,,44,167, NANOMOLAR ,311.9
1049, CEFMETAZOLE , 56796-20-4 ,1989, DISCONTINUED ,  ,  , INJECTION ,8.45,5.85,1.5,85,,163, MICROMOLAR ,471.5
1926, BREXANOLONE , 516-54-1 ,2019,  ,  ,  , INJECTION ,195,65,9,99,,163, NANOMOLAR ,318.4
1732, MILTEFOSINE , 58066-85-6 ,2014,  ,  ,  , ORAL ,,,153.6,98,,162.2, MICROMOLAR ,407.5
783, DONEPEZIL , 120014-06-4 ,1996,  ,  ,  , ORAL ,910,8.4,70,96,,160, NANOMOLAR ,379.4
1540, M ULIPRISTAL ACETATE , 159681-66-0 ,0,  ,1498,  ,  ,,,27,,,159.3, NANOMOLAR ,475.6
847, BEXAROTENE , 153559-49-0 ,1999,  ,  ,  , ORAL TOPICAL ,,,7,99,,158, NANOMOLAR ,348.4
1711, DALBAVANCIN , 171500-79-1 ,2014,  ,  ,  , INTRAVENOUS ,25.6,0.0513,346,93,,158, MICROMOLAR ,1816.7
448, TOLMETIN , 26171-23-3 ,1976,  ,  ,  , ORAL ,,,,,100,155, MICROMOLAR ,257.2
1036, CEFMENOXIME , 65085-01-0 ,1987, DISCONTINUED ,  ,  , INJECTION ,8.26,5,1.14,77,,152, MICROMOLAR ,511.5
1546, M SAXAGLIPTIN , 841302-24-7 ,0,  ,1476,  ,  ,61,13.8,3.1,0,,149, NANOMOLAR ,351.9
218, NIACIN , 59-67-6 ,1957,  ,  ,  , ORAL ,,,0.56,20,,146.3, MICROMOLAR ,123.1
263, PHENELZINE , 51-71-8 ,1961,  ,  ,  , ORAL ,,,11.6,,,145.5, NANOMOLAR ,136.1
794, REPAGLINIDE , 135062-02-1 ,1997,  ,  ,  , ORAL ,31,38,1,98,56,145.5, NANOMOLAR ,452.5
1520, DEFERIPRONE , 30652-11-0 ,2011,  ,  ,  , ORAL ,104,37.9,1.9,10,,143.8, MICROMOLAR ,139.1
1723, PERAMIVIR , 330600-85-6 ,2014,  ,  ,  , INTRAVENOUS ,12.5,0.43,20,30,,142.6, MICROMOLAR ,328.4
1877, COCAINE , 50-36-2 ,2017,  ,  ,  , NASAL ,3877,3096,1.3,88,,142.4, NANOMOLAR ,303.3
115, PHENYLBUTAZONE , 50-33-9 ,1977, DISCONTINUED ,  ,  , ORAL ,10,1.36,79,98.5,,138, MICROMOLAR ,308.3
1815, ELBASVIR , 1370468-36-2 ,2016,  ,  ,  , ORAL ,680,,24,99.9,,137, NANOMOLAR ,882
981, PENICILLIN G , 61-33-6 ,1947,  ,  ,  , ORAL INJECTION INTRAMUSCULAR INTRAVENOUS ,15,24.8,0.7,60,,134.7, MICROMOLAR ,334.4
1482, PAZOPANIB , 444731-52-6 ,2009,  ,  ,  , ORAL ,,,30.9,99,,132.9, MICROMOLAR ,437.5
76, AMINOSALICYLIC ACID , 65-49-6 ,1950,  ,78,  , ORAL ,51.8,9.42,3.25,55,,130.7, MICROMOLAR ,153.1
376, THIOTHIXENE , 3313-26-6 ,1967,  ,  ,  , ORAL INJECTION ,,2892,,,,129.7, NANOMOLAR ,443.6
339, NALIDIXIC ACID , 389-08-2 ,1964, DISCONTINUED ,  ,1756, ORAL ,,,6,90,,129.3, MICROMOLAR ,232.2
559, ETODOLAC , 41340-25-4 ,1991,  ,  ,  , ORAL ,23,3,6.4,99,100,128, MICROMOLAR ,287.3
1063, MEROPENEM , 96036-03-2 ,1996,  ,  ,  , INJECTION INTRAVENOUS ,19.5,15.2,1,2,,127.9, MICROMOLAR ,383.4
1528, VEMURAFENIB , 918504-65-1 ,2011,  ,  ,  , ORAL ,106,1.3,57,99,,126, MICROMOLAR ,489.9
31, SILODOSIN , 160970-54-7 ,2008,  ,  ,  , ORAL ,49.5,10,13.3,97,32,124.4, NANOMOLAR ,495.5
1898, PLAZOMICIN , 1154757-24-0 ,2018,  ,  ,  , INTRAVENOUS ,17.9,4.5,3.5,20,,124, MICROMOLAR ,690.8
501, ALPRAZOLAM , 28981-97-7 ,1981,  ,  ,  , ORAL ,52,2.88,11.2,80,90,119.9, NANOMOLAR ,308.7
695, ZALCITABINE , 7481-89-2 ,1992, DISCONTINUED ,  ,1684, ORAL ,34.7,17.1,2,,80,119.4, NANOMOLAR ,211.2
295, THIOGUANINE , 154-42-7 ,1966,  ,  ,1759, ORAL ,,,5.9,,30,118, MICROMOLAR ,167.1
918, DAPTOMYCIN , 103060-53-3 ,2003,  ,  ,  , IV INTRAVENOUS ,6.3,0.58,7.7,92,,113.4, MICROMOLAR ,"1,619.70"
1059, TAZOBACTAM , 89786-04-9 ,1993,  ,  ,  , INJECTION INTRAVENOUS ,18.2,12.3,1.2,30,,113.3, MICROMOLAR ,300.2
1725, CEFTOLOZANE , 689293-68-3 ,2014,  ,  ,  , INTRAVENOUS ,13.5,5.4,3.12,18.5,,111.5, MICROMOLAR ,666.6
1617, VORTIOXETINE , 508233-74-7 ,2013,  ,  ,  , ORAL ,2600,27.3,66,98,75,110, NANOMOLAR ,298.4
525, ACYCLOVIR , 59277-89-3 ,1982,  ,740,1670, INJECTION TOPICAL ORAL BUCCAL OPHTHALMIC ,46,19.9,2.5,21,15,107, MICROMOLAR ,225.2
980, OXACILLIN , 66-79-5 ,1971,  ,  ,  , ORAL INJECTION INTRAVENOUS ,12.3,24.5,0.5,94,,107, MICROMOLAR ,423.4
51, PROPYLTHIOURACIL , 51-52-5 ,1947,  ,  ,  , ORAL ,22.1,12.09,1.3,82,,105.8, MICROMOLAR ,170.2
582, TRANEXAMIC ACID , 1197-18-8 ,1986,  ,  ,  , ORAL INJECTION INTRAVENOUS ,25.3,6.7,11,3,45,104, MICROMOLAR ,157.2
757, TAMSULOSIN , 106133-20-4 ,1997,  ,  ,  , ORAL ,16,2.88,14.9,96.5,90,101.9, NANOMOLAR ,408.5
691, FINASTERIDE , 98319-26-7 ,1992,  ,  ,  , ORAL ,76,9.9,6,90,63,99.4, NANOMOLAR ,372.5
654, ALTRETAMINE , 645-05-6 ,1990, DISCONTINUED ,  ,  , ORAL ,,,,94,,99, MICROMOLAR ,210.2
1851, PIBRENTASVIR , 1353900-92-1 ,2017,  ,  ,  , ORAL ,,,13,99.9,,98.9, NANOMOLAR ,1113.2
130, CARBINOXAMINE , 486-16-8 ,1974,  ,  ,  , ORAL ,,,17,,,98.8, NANOMOLAR ,290.7
216, METHOCARBAMOL , 532-03-6 ,1957,  ,  ,  848  877  , ORAL IM INJECTION ,150,52,2,50,,96, MICROMOLAR ,241.2
938, TIPRANAVIR , 174484-41-4 ,2005,  ,  ,  , ORAL ,8.5,1.15,5.5,99.9,,94.8, MICROMOLAR ,602.6
1003, CEPHALEXIN , 15686-71-2 ,1971,  ,  ,  , ORAL ,13.6,15.2,0.57,15,,92.2, MICROMOLAR ,347.3
1916, MOXIDECTIN , 113507-06-5 ,2018,  ,  ,  , ORAL ,2421,3.5,784,,,92.1, NANOMOLAR ,639.8
423, IBUPROFEN , 15687-27-1 ,1974,  ,  ,  , ORAL INTRAVENOUS ,7.8,2.9,2,99,,92, MICROMOLAR ,206.2
1042, CILASTATIN , 82009-34-5 ,1985,  ,  ,  , INTRAVENOUS INTRAMUSCULAR INJECTION ,9.75,8.97,0.86,40,95,92, MICROMOLAR ,380.4
996, AMPHOTERICIN B , 1397-89-3 ,1964,  ,  ,  , TOPICAL ORAL INJECTION ,6.5,0.715,8.5,90,,89.9, MICROMOLAR ,924
280, FLUOROURACIL , 51-21-8 ,1962,  ,  396  403  821  ,  1654  1655  , INJECTION TOPICAL ,14.9,101.4,0.12,85,,88.3, NANOMOLAR ,152
209, NORETHINDRONE , 68-22-4 ,1962,  ,  210  354  ,  , ORAL ,260,26,8.51,61,64,87.8, NANOMOLAR ,298.4
1639, M NELARABINE , 72490-81-4 ,0,  ,940,  ,  ,80,16.9,3.2,25,,86.5, MICROMOLAR ,297.2
61, AMODIAQUINE , 86-42-0 ,0, DISCONTINUED ,  ,1772, ORAL ,46200,2380,12.4,,,85.8, NANOMOLAR ,355.8
1072, MYCOPHENOLIC ACID , 24280-93-1 ,2004,  ,1066,  , ORAL ,112,8.4,12,98,93,81.5, MICROMOLAR ,320.3
562, LEVOCARNITINE , 541-15-1 ,1985,  ,  ,  , ORAL INJECTION ,100.4,4,17.4,0,15,80, MICROMOLAR ,161.1
1418, MEQUINOL , 150-76-5 ,1999, DISCONTINUED ,  ,  , TOPICAL ,,,,,,80, NANOMOLAR ,124.1
1796, M CARIPRAZINE , 839712-25-3 ,0,  ,1794,  ,  ,,,336,94,,80, NANOMOLAR ,463.9
677, FLUMAZENIL , 78755-81-4 ,1991,  ,  ,  , INJECTION ,65,58.5,1,50,,79, NANOMOLAR ,303.2
1714, ORITAVANCIN , 171099-57-3 ,2014,  ,  ,  , INTRAVENOUS ,87.6,0.445,245,85,,77, MICROMOLAR ,1793.1
16, HYDROCODONE , 125-29-1 ,1943,  ,1862,568, ORAL ,,,16,,,76.2, NANOMOLAR ,299.3
1733, OMBITASVIR , 1258226-87-7 ,2014,  ,  ,  , ORAL ,50.1,1.5,23,99.9,48.1,76.1, NANOMOLAR ,894.1
1476, SAXAGLIPTIN , 361442-04-8 ,2009,  ,  ,1546, ORAL ,49.7,13.8,2.5,0,,76, NANOMOLAR ,315.4
1074, STREPTOMYCIN , 57-92-1 ,1946,  ,  ,  , INJECTION ,22,3,4,35,84,75, MICROMOLAR ,581.5
73, METHOXAMINE , 390-28-3 ,0, DISCONTINUED ,  ,  , INJECTION ,,,6.15,,,74.3, NANOMOLAR ,211.2
1206, METHANTHELINE , 5818-17-7 ,1951, DISCONTINUED ,  ,  , ORAL ,,,2,,,73.5, NANOMOLAR ,340.4
180, METHYLPHENIDATE , 1037510-61-4 ,1955,  ,  ,  , ORAL TRANSDERMAL ,169,33,3.2,15,23.5,73, NANOMOLAR ,233.3
1427, DEXMETHYLPHENIDATE , 1072298-18-0 ,1955,  ,  ,  , ORAL TRANSDERMAL ,169,33,3.2,15,23.5,73, NANOMOLAR ,233.3
978, NAFCILLIN , 147-52-4 ,1965,  ,  ,  , ORAL INJECTION ,14.3,12.8,0.75,89,,72.4, MICROMOLAR ,414.4
581, LEVOBETAXOLOL , 63659-18-7 ,1985,  ,  ,  , OPHTHALMIC ORAL ,312,13.26,18,50,89,70.3, NANOMOLAR ,307.4
1181, BETAXOLOL , 63659-18-7 ,1985,  ,  ,  , OPHTHALMIC ORAL ,312,13.26,18,50,89,70.3, NANOMOLAR ,343.9
771, CIDOFOVIR , 113852-37-2 ,1996,  ,  ,1663, INJECTION ,26.6,8.8,2.6,6,,70.2, MICROMOLAR ,279.1
93, DYPHYLLINE , 479-18-5 ,1951, DISCONTINUED ,  ,  , ORAL INJECTION ,27.3,18.7,2,,,67, MICROMOLAR ,254.2
182, HYDROXYPROGESTERONE CAPROATE , 630-56-8 ,1974,  ,  ,  , INTRAMUSCULAR INJECTION SUBCUTANEOUS ,,,187.2,,,65, NANOMOLAR ,428.6
1013, AMIKACIN , 37517-28-5 ,1981,  ,  ,  , INJECTION INHALATION ,10,4.3,2.4,12,,65, MICROMOLAR ,585.6
1564, M CLOPIDOGREL , 767612-34-0 ,0,  ,1280,  ,  ,,,0.5,,,64.7, NANOMOLAR ,321.8
648, PRAVASTATIN , 81093-37-0 ,1991,  ,  ,  , ORAL ,29.9,54.6,1.8,50,17,62.5, NANOMOLAR ,424.5
346, MEFENAMIC ACID , 61-68-7 ,1967,  ,  ,  , ORAL ,68.9,21.2,3,90,,62.2, MICROMOLAR ,241.2
455, LORAZEPAM , 846-49-1 ,1977,  ,  ,  , ORAL INJECTION ,84.5,4.3,14,91,90,62, NANOMOLAR ,321.2
1021, CEFACLOR , 53994-73-3 ,1979,  ,  ,  , ORAL ,,,0.75,37.5,85,62, MICROMOLAR ,367.8
1398, TIOPRONIN , 1953-02-2 ,1988,  ,  ,  , ORAL ,,,,,,61.9, MICROMOLAR ,163.2
1896, SIPONIMOD , 1230487-00-9 ,2019,  ,  ,  , ORAL ,124,3.11,30,99.9,84,58.8, NANOMOLAR ,516.6
1480, TELAVANCIN , 372151-71-8 ,2009,  ,  ,  , INTRAVENOUS INJECTION ,9.4,0.9,8,90,,57.4, MICROMOLAR ,1755.6
1743, AVIBACTAM , 1192500-31-4 ,2015,  ,  ,  , IV ,23.2,11.9,2.22,6.9,,57.3, MICROMOLAR ,287.2
483, CINOXACIN , 28657-80-9 ,1980, DISCONTINUED ,  ,  , ORAL ,,,1.5,,,57, MICROMOLAR ,262.2
550, FLURBIPROFEN , 5104-49-4 ,1986,  ,  ,  , ORAL OPHTHALMIC ,7.8,1.08,5,99,96,57, MICROMOLAR ,244.2
1251, DOXAZOSIN , 74191-85-8 ,1990,  ,  ,  , ORAL ,84.5,6.24,17,98,59,57, NANOMOLAR ,451.4
956, TEMSIROLIMUS , 162635-04-3 ,2007,  ,  ,853, INTRAVENOUS ,172,16.2,17.3,,,56, MICROMOLAR ,1030.3
219, TRIPROLIDINE , 486-12-4 ,1977,  ,  ,  , ORAL ,,,2.1,,,55.4, NANOMOLAR ,278.3
1782, LUMACAFTOR , 936727-05-8 ,2015,  ,  ,  , ORAL ,86,2.38,25.2,99,,55.3, MICROMOLAR ,844.9
1237, NICOTINE , 54-11-5 ,1984,  ,  ,  , BUCCAL TRANSDERMAL NASAL ORAL ,162,72,1.5,5,53,55, NANOMOLAR ,162.2
1402, EFLORNITHINE , 70052-12-9 ,1990,  ,  ,  , INJECTION TOPICAL ,,,8,,,54.9, NANOMOLAR ,182.2
957, DORIPENEM , 148016-81-3 ,2007, DISCONTINUED ,  ,  , INTRAVENOUS ,16.8,15.9,1,8,,54.7, MICROMOLAR ,420.5
606, ISRADIPINE , 75695-93-1 ,1990,  ,  ,  , ORAL ,195,84,8,95,19.5,53.9, NANOMOLAR ,371.4
1068, IVERMECTIN , 70288-86-7 ,1996,  ,  ,  , ORAL TOPICAL ,,,18,99,,53, NANOMOLAR ,875.1
538, QUAZEPAM , 36735-22-5 ,1985,  ,  ,  , ORAL ,,,39,95,,51.7, NANOMOLAR ,386.8
1501, LEVOMEFOLATE , 151533-22-1 ,2010,  ,  ,  , ORAL ,,,4.5,,,50, NANOMOLAR ,459.4
976, CAPREOMYCIN , 11003-38-6 ,1971,  ,  ,  , INJECTION ,,,,,,47.9, MICROMOLAR ,668.7
782, OLOPATADINE , 113806-05-6 ,1996,  ,  ,  , OPHTHALMIC NASAL ,,,10,55,57,47.4, NANOMOLAR ,337.4
511, ALPROSTADIL , 745-65-3 ,1981,  ,  ,  , INJECTION URETHRAL ,1593,6900,0.16,93,98,47, PICOMOLAR ,354.4
1634, CEFPROZIL , 92665-29-7 ,1991,  ,  ,  , ORAL ,15,11.7,1.3,36,95,47, MICROMOLAR ,389.4
887, FULVESTRANT , 129453-61-8 ,2002,  ,  ,  , INTRAMUSCULAR ,260,41.4,960,99,,46.2, NANOMOLAR ,606.7
251, METHAZOLAMIDE , 554-57-4 ,1959,  ,  ,  , ORAL ,20,0.99,14,55,,45.3, MICROMOLAR ,236.3
1245, BUTOCONAZOLE , 64872-76-0 ,1995,  ,  ,  , VAGINAL ,,,,,2,45, NANOMOLAR ,411.7
860, LINEZOLID , 165800-03-3 ,2000,  ,  ,  , ORAL INTRAVENOUS ,45,7.38,4.8,31,100,44.8, MICROMOLAR ,337.3
1144, MITOTANE , 53-19-0 ,1970,  ,  ,  , ORAL ,,,2124,,40,44.7, MICROMOLAR ,320
1927, TALAZOPARIB , 1207456-01-6 ,2018,  ,  ,  , ORAL ,420,6.45,90,74,,43, NANOMOLAR ,552.6
1755, M ALLOPURINOL , 2465-59-0 ,0,  ,359,  ,  ,,,15,,,42.7, MICROMOLAR ,136.1
1053, LORACARBEF , 76470-66-1 ,1991, DISCONTINUED ,  ,  , ORAL ,25,14.4,1.2,35,,41.4, MICROMOLAR ,349.7
69, CAFFEINE , 58-08-2 ,1948,  ,  ,  , ORAL RECTAL INTRAVENOUS ,39,5.4,5,36,,41.2, MICROMOLAR ,194.1
710, ATOVAQUONE , 95233-18-4 ,1992,  ,  ,  , ORAL ,39,0.6,62.5,99.9,47,41.2, MICROMOLAR ,366.8
634, PODOFILOX , 518-28-5 ,1990,  ,  ,  , TOPICAL ,,,2.7,,,41, NANOMOLAR ,414.4
563, AMIODARONE , 1951-25-3 ,1985,  ,  ,  , ORAL INJECTION ,3900,21.4,1392,96,50,40, NANOMOLAR ,645.3
1218, GUANETHIDINE , 55-65-2 ,1960, DISCONTINUED ,  ,  , ORAL ,,,,,,40, NANOMOLAR ,198.3
1643, TIZOXANIDE , 173903-47-4 ,0,  ,910,  ,  ,,,,99,,40, MICROMOLAR ,265.2
208, ETHOTOIN , 86-35-1 ,1957,  ,  ,  , ORAL ,,,6,,,39, MICROMOLAR ,204.2
998, LINCOMYCIN , 154-21-2 ,1964,  ,  ,  , ORAL INJECTION ,65,8.2,5.4,57,,39, MICROMOLAR ,406.5
1111, ETHOTOIN , 86-35-1 ,1957,  ,  ,  , ORAL ,,,6,,,39, MICROMOLAR ,204.2
1004, RIFAMPIN , 13292-46-1 ,1971,  ,  ,  , ORAL INJECTION ,63,13.6,3.6,80,,38.9, MICROMOLAR ,822.9
1891, M TRICLABENDAZOLE , 100648-13-3 ,0,  ,1890,  ,  ,65,,14,98.4,,38.6, MICROMOLAR ,375.7
588, NAFTIFINE , 65472-88-0 ,1988,  ,  ,  , TOPICAL ,,,,,,38.3, NANOMOLAR ,323.8
1229, TERBUTALINE , 23031-25-6 ,1974,  ,  ,  , INJECTION ORAL INHALATION ,148,18,5.7,25,,38.2, NANOMOLAR ,225.2
3, HISTAMINE , 51-45-6 ,1939, DISCONTINUED ,  ,  , INJECTION ,59,210,0.18,,,38, NANOMOLAR ,111.1
842, TEMOZOLOMIDE , 85622-93-1 ,1999,  ,  ,1651, ORAL INTRAVENOUS ,26,8.8,1.8,95,100,37.6, MICROMOLAR ,194.1
1664, M TAZAROTENE , 118292-41-4 ,0,  ,763,  ,  ,,,18,99,,37.1, NANOMOLAR ,351.5
1064, TACROLIMUS , 104987-11-3 ,1994,  ,  ,  , ORAL INJECTION TOPICAL ,126.1,2.6,34.8,99,18,36.9, NANOMOLAR ,804
1644, ADEFOVIR , 106941-25-7 ,0,  ,904,  ,  ,25.4,14.4,7.48,4,59,36.7, NANOMOLAR ,273.1
1713, TAVABOROLE , 174671-46-6 ,2014,  ,  ,  , TOPICAL ,,,,,,36.6, NANOMOLAR ,151.9
1060, CEFTIBUTEN , 97519-39-6 ,1995, DISCONTINUED ,  ,  , ORAL ,32.5,5,2,65,,36.5, MICROMOLAR ,446.4
1151, MICONAZOLE , 22916-47-8 ,1974,  ,  ,  , VAGINAL TOPICAL INJECTION BUCCAL ,,,24,88,,36, MICROMOLAR ,416.1
1590, ENZALUTAMIDE , 915087-33-1 ,2012,  ,  ,1591, ORAL ,110,0.56,139,97,,35.7, MICROMOLAR ,464.4
830, AMINOLEVULINIC ACID , 106-60-5 ,1999,  ,  ,  , TOPICAL ORAL ,,,0.7,,55,35.5, MICROMOLAR ,131.1
1272, DELAVIRDINE , 136817-59-9 ,1997,  ,  ,  , ORAL ,,,5.8,98,85,35, MICROMOLAR ,456.6
1683, M AMIFOSTINE , 31098-42-7 ,0,  ,699,  ,  ,,,0.13,,,35, MICROMOLAR ,214.2
879, ALFUZOSIN , 81403-80-7 ,2003,  ,  ,  , ORAL ,208,23,10,86,49,34.9, NANOMOLAR ,389.4
551, ETOPOSIDE , 33419-42-0 ,1983,  ,1395,  , INJECTION ORAL ,23.5,2.4,7.5,88,,34, MICROMOLAR ,588.5
1261, CYSTEAMINE , 60-23-1 ,1994,  ,  ,  , ORAL OPHTHALMIC ,156,72,1.5,52,,33.7, MICROMOLAR ,77.1
2, TRIPTORELIN , 57773-63-4 ,2000,  ,  ,  , INTRAMUSCULAR ,31.5,12.7,3,,,33.6, NANOMOLAR ,"1,311.50"
769, LEVOFLOXACIN , 100986-85-4 ,1990,  ,  ,  , ORAL INJECTION OPHTHALMIC OTIC ,80,7.5,7.9,31,99,33.5, MICROMOLAR ,361.3
293, ATROPINE , 51-55-8 ,1960,  ,  ,  , ORAL INTRAMUSCULAR INJECTION INHALATION INTRAVENOUS SUBCUTANEOUS ENDOTRACHEAL OPHTHALMIC IV INTRAOSSEOUS ,214.5,29.6,3,18,,33.2, NANOMOLAR ,676.8
318, METYRAPONE , 54-36-4 ,1961,  ,  ,  , ORAL ,,,1.9,,,32.3, MICROMOLAR ,226.2
1029, CEFUROXIME , 55268-75-2 ,1983,  ,  1030  1031  ,  , INTRAMUSCULAR INTRAVENOUS INJECTION ,9.7,8.6,1.3,50,,32, MICROMOLAR ,424.3
1162, TOCAINIDE , 41708-72-9 ,1984, DISCONTINUED ,  ,  , ORAL ,117,8.5,15,10,100,31.5, MICROMOLAR ,192.2
143, TESTOSTERONE , 58-22-0 ,1972,  ,  144  1334  1335  1718  1825  ,  , TRANSDERMAL BUCCAL IMPLANTATION INJECTION NASAL ,65,62.4,192,98,,31.4, NANOMOLAR ,288.4
856, ALOSETRON , 122852-42-0 ,2000,  ,  ,  , ORAL ,80,36,1.5,82,55,30.6, NANOMOLAR ,294.3
884, ABARELIX , 183552-38-7 ,2003, DISCONTINUED ,  ,  , INTRAMUSCULAR ,4040,8.6,316,,,30.6, NANOMOLAR ,"1,416"
1117, METHOHEXITAL , 151-83-7 ,1960,  ,  ,  , INJECTION ,71.5,46,1.6,73,,30, MICROMOLAR ,262.3
936, ENTECAVIR , 142217-69-4 ,2005,  ,  ,1640, ORAL ,4596,23,138.5,13,100,29.6, NANOMOLAR ,277.2
338, PRALIDOXIME , 6735-59-7 ,1964,  ,  ,  , ORAL INJECTION INTRAMUSCULAR ,107.2,24.7,3,0,,29.1, MICROMOLAR ,137.1
1450, ELTROMBOPAG , 496775-61-2 ,2008,  ,  ,  , ORAL ,,,26.5,99,52,28.7, MICROMOLAR ,442.4
496, BUMETANIDE , 28395-03-1 ,1983,  ,  ,  , ORAL INJECTION ,10.4,11.3,1.25,95,,28.3, NANOMOLAR ,364.4
1591, M ENZALUTAMIDE , - ,0,  ,1590,  ,  ,288,1.02,196,95,,28.2, MICROMOLAR ,464.4
1699, M LOVASTATIN , 75225-51-3 ,0,  ,616,  ,  ,56.5,28,1.4,95,,28.1, NANOMOLAR ,404.5
1788, ISAVUCONAZOLE , 241479-67-4 ,0,  ,1787,  ,  ,450,2.4,130,99,98,27.9, MICROMOLAR ,437.5
374, ACETAMINOPHEN , 103-90-2 ,1968,  ,  ,  , RECTAL ORAL INJECTION INTRAVENOUS ,58.5,17.5,2.1,20,,27.8, NANOMOLAR ,151.1
1502, CEFTAROLINE , 402741-13-3 ,2010,  ,  ,1566, INTRAVENOUS ,19.9,9.58,1.6,20,,27.7, MICROMOLAR ,684.7
793, CERIVASTATIN , 145599-86-6 ,1997, DISCONTINUED ,  ,  , ORAL ,19.5,12.5,3,99,60,27.6, MICROMOLAR ,459.5
1837, ENASIDENIB , 1446502-11-9 ,2017,  ,  ,  , ORAL ,55.8,0.74,137,98.5,57,27.4, MICROMOLAR ,569.5
623, GANCICLOVIR , 82410-32-0 ,1989,  ,  861  882  ,  1645  1646  , INJECTION ORAL IMPLANTATION OPHTHALMIC INTRAVENOUS ,45.7,11.9,3.81,1,,26.7, MICROMOLAR ,255.2
77, CHLORPHENIRAMINE , 132-22-9 ,1949,  ,  ,  , ORAL INJECTION ,214.5,9.75,24,30,,26.2, NANOMOLAR ,274.7
79, DEXCHLORPHENIRAMINE , 25523-97-1 ,1950,  ,  ,  , ORAL INJECTION ,214.5,9.75,24,30,,26.2, NANOMOLAR ,274.8
931, ALVIMOPAN , 156053-89-3 ,2008,  ,  ,  , ORAL ,30,24,14,87,6,25.8, NANOMOLAR ,460.6
1159, AMINOGLUTETHIMIDE , 125-84-8 ,1980, DISCONTINUED ,  ,  , ORAL ,,,12.5,,100,25.4, MICROMOLAR ,232.2
1660, M SIBUTRAMINE , 84467-54-9 ,0,  ,  764  768  ,  ,  ,,,16,94,,25.4, NANOMOLAR ,279.8
1392, DRONABINOL , 1972-08-3 ,1985,  ,  ,  , ORAL ,650,13,30.5,97,92.5,25, NANOMOLAR ,314.4
488, PIROXICAM , 36322-90-4 ,1982,  ,  ,  , ORAL ,9.1,0.12,50,99,,24, MICROMOLAR ,331.3
694, TERBINAFINE , 91161-71-6 ,1992,  ,  ,  , TOPICAL ORAL ,818,27,21,99,70,23.5, NANOMOLAR ,291.4
1298, DARIFENACIN , 133099-04-4 ,2004,  ,  ,  , ORAL ,163,40,16,98,19,23.4, NANOMOLAR ,426.5
1458, BENZYL ALCOHOL , 100-51-6 ,2009,  ,  ,  , TOPICAL ,,,,,,22.9, MICROMOLAR ,108.1
1876, LETERMOVIR , 917389-32-3 ,2017,  ,  ,  , ORAL INTRAVENOUS ,45.5,,12,99,94,22.7, MICROMOLAR ,572.5
954, RETAPAMULIN , 224452-66-8 ,2007,  ,  ,  , TOPICAL ,,,,94,,22.6, NANOMOLAR ,517.7
117, ISONIAZID , 54-85-3 ,1952,  ,  ,  , ORAL INJECTION ,53.3,24.02,2.8,0,100,22.5, MICROMOLAR ,137.1
359, ALLOPURINOL , 315-30-0 ,1966,  ,  ,1755, ORAL INJECTION ,37.7,42.9,1.5,3,90,22, MICROMOLAR ,136.1
615, PROPOFOL , 2078-54-8 ,1989,  ,1454,  , INJECTION ,305,150,3.2,98,,21.9, MICROMOLAR ,178.2
658, FLUCONAZOLE , 86386-73-4 ,1990,  ,  ,  , ORAL INJECTION ,48.7,0.9,30,60,90,21.9, MICROMOLAR ,306.2
786, TOLCAPONE , 134308-13-7 ,1998,  ,  ,  , ORAL ,9,7,2.5,99.9,65,21.9, MICROMOLAR ,273.2
441, OXYBUTYNIN , 5633-20-5 ,1975,  ,  ,  , ORAL TRANSDERMAL ,193,19.8,2.5,99,6,21.8, NANOMOLAR ,357.4
735, ZILEUTON , 111406-87-2 ,1996,  ,  ,  , ORAL ,78,27.3,2.5,93,,21.1, MICROMOLAR ,236.2
1631, LULICONAZOLE , 187164-19-8 ,2013,  ,  ,  , TOPICAL ,,,,99,,20.8, NANOMOLAR ,354.3
852, PEMIROLAST , 69372-19-6 ,1999, DISCONTINUED ,  ,  , OPHTHALMIC ,,,4.5,,,20.6, NANOMOLAR ,228.2
1007, AMOXICILLIN , 26787-78-0 ,1974,  ,  ,  , ORAL ,16,12.8,1,20,,20.5, MICROMOLAR ,365.4
1836, DELAFLOXACIN , 189279-58-1 ,2017,  ,  ,  , ORAL INTRAVENOUS ,39,14.1,3.7,84,58.8,20.3, MICROMOLAR ,440.7
568, HYDROMORPHONE , 466-99-9 ,1984,  ,16,  , INJECTION ORAL ,302.9,117.6,2.3,13,,20, NANOMOLAR ,285.3
1794, CARIPRAZINE , 839712-12-8 ,2015,  ,  ,  1795  1796  , ORAL ,,,72,94,,20, NANOMOLAR ,463.9
867, CETRORELIX , 120287-85-6 ,2000,  ,  ,  , INJECTION ,75.4,5,62.8,86,85,19.9, NANOMOLAR ,1491.1
616, LOVASTATIN , 75330-75-5 ,1987,  ,  ,1699, ORAL ,,,4.5,95,30,19.3, NANOMOLAR ,404.5
414, CLONIDINE , 4205-90-7 ,1974,  ,  ,  , ORAL TRANSDERMAL INJECTION ,136,13.1,14,40,,19.1, NANOMOLAR ,230
1897, PRUCALOPRIDE , 179474-81-8 ,2018,  ,  ,  , ORAL ,567,19,24,30,90,19, NANOMOLAR ,486
894, PALONOSETRON , 135729-61-2 ,2003,  ,  ,  , INTRAVENOUS ORAL INJECTION ,539.5,10.4,40,62,97,18.9, NANOMOLAR ,296.4
262, NANDROLONE , 434-22-0 ,0,  ,  1345  1346  ,  ,  ,,,228,,,18.8, NANOMOLAR ,274.4
848, GUAIFENESIN , 93-14-1 ,2002,  ,  216  1113  ,  , ORAL ,,,1,,,18.6, MICROMOLAR ,198.2
1399, MESALAMINE , 89-57-6 ,1987,  ,  81  625  1266  ,  , RECTAL ORAL ,21.4,36.2,1,43,28,17.6, MICROMOLAR ,153.1
467, TRIAZOLAM , 28911-01-5 ,1982,  ,  ,  , ORAL ,37.7,11.7,3.5,90,,17.5, NANOMOLAR ,343.2
740, VALACYCLOVIR , 124832-26-4 ,1995,  ,  ,525, ORAL ,,,,15.7,54,17.4, MICROMOLAR ,324.3
371, ETHAMBUTOL , 74-55-5 ,1967,  ,  ,  , ORAL ,110.5,39,3.1,82,,17.1, MICROMOLAR ,204.3
841, RIFAPENTINE , 61379-65-5 ,1998,  ,  ,1652, ORAL ,70,2.03,13,97.7,70,17.1, MICROMOLAR ,877
364, CLOMIPHENE , 911-45-5 ,1967,  ,  ,  , ORAL ,,,,,,17, NANOMOLAR ,406
1071, EPIRUBICIN , 56420-45-2 ,1999,  ,  ,  , INJECTION INTRAVENOUS ,1365,69,31,77,,17, MICROMOLAR ,543.5
236, CHLORMEZANONE , 80-77-3 ,1960, DISCONTINUED ,  ,  , ORAL ,3.5,0.06,40.5,,,16.9, MICROMOLAR ,273.7
940, NELARABINE , 121032-29-9 ,2005,  ,  ,1639, INTRAVENOUS ,318.5,315,0.3,25,,16.8, MICROMOLAR ,297.2
394, LEVODOPA , 59-92-7 ,1970,  ,  ,413, ORAL ENTERAL INHALATION ,110.5,89.7,1.7,20,44,16.5, MICROMOLAR ,197.1
604, CIPROFLOXACIN , 85721-33-1 ,1987,  ,  ,  , ORAL INJECTION OPHTHALMIC OTIC ,156,35,4,30,70,16.3, MICROMOLAR ,331.3
704, GABAPENTIN , 60142-96-3 ,1993,  ,  1507  1508  ,  , ORAL ,76,7.6,5.5,3,75,16.26, MICROMOLAR ,171.2
476, MECLOFENAMATE , 644-62-2 ,1980,  ,  ,  , ORAL ,23.3,12.3,1.3,99,,16.2, MICROMOLAR ,296.1
1121, BIPERIDEN , 514-65-8 ,1959, DISCONTINUED ,  ,  , ORAL INJECTION ,780,46.8,24,90,,16, NANOMOLAR ,311.4
1210, PRIMAQUINE , 90-34-6 ,1952,  ,  ,  , ORAL ,292,37.6,5.6,,,16, NANOMOLAR ,259.3
1451, DEGARELIX , 214766-78-6 ,2008,  ,  ,  , SUBCUTANEOUS ,1000,9,1272,90,,16, NANOMOLAR ,"1,632.20"
1570, M BECLOMETHASONE DIPROPIONATE , 5534-18-9 ,0,  ,438,  ,  ,424,120,2.7,87,43,16, NANOMOLAR ,521
766, PENCICLOVIR , 39809-25-1 ,1996,  ,722,  1661  1662  , TOPICAL ,71.5,32.7,2.1,14,,15.8, MICROMOLAR ,253.2
853, SIROLIMUS , 53123-88-9 ,1999,  ,956,  , ORAL ,780,11.2,62,92,14,15.7, NANOMOLAR ,914.1
870, LOPINAVIR , 192725-17-0 ,2000,  ,  ,  , ORAL ,,5.98,5.5,98.5,,15.6, MICROMOLAR ,628.8
368, DEFEROXAMINE , 70-51-9 ,1968,  ,  ,  , INJECTION ,,,6,10,2,15.5, MICROMOLAR ,560.6
542, BUSPIRONE , 36505-84-7 ,1986,  ,  ,  , ORAL ,,,2.5,86,90,15.5, NANOMOLAR ,385.5
774, RITONAVIR , 155213-67-5 ,1996,  ,  ,  , ORAL ,26.6,8.8,4,98.5,,15.5, MICROMOLAR ,720.9
350, HALOPERIDOL , 52-86-8 ,1967,  ,  1361  1362  ,  , ORAL INJECTION ,1105,30.4,35,92,60,15.3, NANOMOLAR ,375.9
951, TELBIVUDINE , 3424-98-4 ,2006, DISCONTINUED ,  ,  , ORAL ,,,44.5,3.3,,15.2, MICROMOLAR ,242.2
754, LAMIVUDINE , 134678-17-4 ,1995,  ,  ,1666, ORAL ,84.5,23.9,6,36,87,15.1, MICROMOLAR ,229.2
81, SULFASALAZINE , 599-79-1 ,1950,  ,  ,  1  1399  , ORAL ,7.5,1,7.6,99.3,15,15, MICROMOLAR ,398.3
1146, ENFLURANE , 13838-16-9 ,1972, DISCONTINUED ,  ,  , INHALATION ,,,,,,15, MICROMOLAR ,184.4
1490, CAPSAICIN , 404-86-4 ,2009,  ,  ,  , TOPICAL ,,,1.6,,,15, NANOMOLAR ,305.4
1658, M SIBUTRAMINE , 168835-59-4 ,0,  ,  764  768  ,  ,  ,,,14,94,,15, NANOMOLAR ,279.8
1825, PRASTERONE , 53-43-0 ,2016,  ,  ,  143  17  , VAGINAL ,,,,,,15, NANOMOLAR ,288.4
250, OXYMORPHONE , 76-41-5 ,1959,  ,  ,  , INJECTION RECTAL ORAL ,200.2,30.8,4.5,11,10,14.8, NANOMOLAR ,301.3
1810, LESINURAD , 878672-00-5 ,2015, DISCONTINUED ,  ,  , ORAL ,20,6,5,98,100,14.8, MICROMOLAR ,404.2
1630, BAZEDOXIFENE , 198481-32-2 ,2013,  ,  ,  , ORAL ,882,24,30,98,6,14.6, NANOMOLAR ,470.6
1150, DISOPYRAMIDE , 3737-09-5 ,1977,  ,  ,  , ORAL ,33.8,3.5,6.7,65,,14.1, MICROMOLAR ,437.5
446, CLOTRIMAZOLE , 23593-75-1 ,1975,  ,  ,  , TOPICAL VAGINAL ORAL ,,,,,,14, NANOMOLAR ,344.8
1153, LUMEFANTRINE , 82186-77-4 ,2009,  ,  ,  , ORAL ,,,101,99.7,,14, MICROMOLAR ,528.9
1477, ASENAPINE , 65576-45-6 ,2009,  ,  ,  , SUBLINGUAL ,1462,52,24,95,35,14, NANOMOLAR ,401.8
721, METFORMIN , 657-24-9 ,1995,  ,  ,  , ORAL ,654,28.8,17.6,0,55,13.9, MICROMOLAR ,129.1
1879, BICTEGRAVIR , 1611493-60-7 ,2018,  ,  ,  , ORAL ,,,17.3,99,,13.6, MICROMOLAR ,449.4
874, VORICONAZOLE , 137234-62-9 ,2002,  ,  ,  , ORAL IV INJECTION ,299,32.3,5.6,58,96,13.4, MICROMOLAR ,349.3
902, EZETIMIBE , 163222-33-1 ,2002,  ,  ,  , ORAL ,,,22,90,,13.4, NANOMOLAR ,409.4
1479, BEPOTASTINE , 125602-71-3 ,2009,  ,  ,  , OPHTHALMIC ,,,,55,,13.14, NANOMOLAR ,388.8
319, ETHIONAMIDE , 536-33-4 ,1965,  ,  ,  , ORAL ,93.5,33.7,1.92,30,,13, MICROMOLAR ,166.2
1624, MONOMETHYL FUMARATE , 2756-87-8 ,0,  ,1625,  ,  ,63,43.6,1,36,,12.9, MICROMOLAR ,130.1
865, DESLORATADINE , 100643-71-8 ,2001,  ,621,1649, ORAL ,,,27,84,,12.8, NANOMOLAR ,310.8
1884, M APALUTAMIDE , 1332391-11-3 ,0,  ,1883,  ,  ,,,,95,,12.7, MICROMOLAR ,477.4
813, LEVALBUTEROL , 34391-04-3 ,1999,  ,  ,  , INHALATION ,,,4.6,,,12.55, NANOMOLAR ,275.7
1379, ALBUTEROL , 18559-94-9 ,1981,  ,  ,  , INHALATION ORAL ,159,26.3,4.2,8,,12.55, NANOMOLAR ,576.7
1883, APALUTAMIDE , 956104-40-8 ,2018,  ,  ,1884, ORAL ,276,1.3,72,96,100,12.5, MICROMOLAR ,477.4
1918, RIFAMYCIN , 6998-60-3 ,2018,  ,  ,  , ORAL ,,,,80,0.1,12.5, NANOMOLAR ,697.8
1167, KETOPROFEN , 22071-15-4 ,1986,  ,  ,  , ORAL ,6.5,6.9,3.5,99,90,12.2, MICROMOLAR ,254.2
1535, M FIDAXOMICIN , 1030825-28-5 ,0,  ,1514,  ,  ,,,11.2,,,12.1, NANOMOLAR ,1058
1034, CLAVULANATE , 58001-44-8 ,1984,  ,  ,  , ORAL INJECTION ,14.3,12,1,25,,12, MICROMOLAR ,199.1
1271, INDINAVIR , 150378-17-9 ,1996,  ,  ,  , ORAL ,53.3,70.2,1.8,60,,12, NANOMOLAR ,613.7
1549, M FESOTERODINE , 207679-81-0 ,0,  ,  800  1452  ,  ,  ,169,13.6,8.59,50,52,11.6, NANOMOLAR ,411.6
1070, DALFOPRISTIN , 112362-50-2 ,1999,  ,  ,  , INJECTION INTRAVENOUS ,15.6,46.8,0.7,18,,11.5, MICROMOLAR ,690.8
164, MEPROBAMATE , 57-53-4 ,1955,  ,  254  255  ,  , ORAL ,45.5,2.34,9.6,0,,11.4, MICROMOLAR ,218.2
1009, DOXORUBICIN , 23214-92-8 ,1974,  ,  ,  , INJECTION ,1430,58.5,32,72,,11.4, MICROMOLAR ,543.5
1881, TEZACAFTOR , 1152311-62-0 ,2018,  ,  ,  , ORAL ,271,1.31,15,99,,11.4, MICROMOLAR ,520.5
909, GATIFLOXACIN , 112811-59-3 ,1999,  ,  ,  , OPHTHALMIC ,104,11.9,7.1,20,96,11.2, MICROMOLAR ,375.4
1256, PAMIDRONATE , 57248-88-1 ,1991,  ,  ,  , INJECTION ,258,6.4,28,,54,11.1, MICROMOLAR ,235
610, TERCONAZOLE , 67915-31-5 ,1987,  ,  ,  , VAGINAL ,,,6.9,94.9,16,11, NANOMOLAR ,532.4
314, GLYCOPYRROLATE , 596-51-0 ,1961,  ,  ,  , ORAL INJECTION INHALATION INTRAMUSCULAR INTRAVENOUS TOPICAL ,27.3,35.1,0.83,,,10.9, NANOMOLAR ,318.4
1200, THALIDOMIDE , 50-35-1 ,1998,  ,  ,  , ORAL ,61.7,8,7.29,55,,10.9, MICROMOLAR ,258.2
603, NIZATIDINE , 76963-41-2 ,1988,  ,  ,  , ORAL ,74.7,50,1.5,35,70,10.8, MICROMOLAR ,331.4
854, MOXIFLOXACIN , 151096-09-2 ,1999,  ,  ,  , ORAL INTRAVENOUS OPHTHALMIC ,143,12,12.7,40,90,10.8, MICROMOLAR ,401.4
824, CHOLECALCIFEROL , 67-97-0 ,2000,  ,  ,480, INTRAVENOUS ORAL ,,,14,,,10.4, NANOMOLAR ,384.6
1283, ABACAVIR , 136470-78-5 ,1998,  ,  ,  , ORAL ,55.9,52,1.54,50,83,10.4, MICROMOLAR ,286.3
248, THIOTEPA , 52-24-4 ,1959,  ,  ,  , INJECTION INTRAVENOUS ,104,25.14,2.4,10,,10.3, MICROMOLAR ,189.2
1797, METHYLENE BLUE , 61-73-4 ,2016,  ,  ,1798, INTRAVENOUS ,255,,24,94,,10.3, MICROMOLAR ,319.8
567, GUANFACINE , 29110-47-2 ,1986,  ,  ,  , ORAL ,364,17.5,16,70,,10.1, NANOMOLAR ,246
427, OXYBUTYNIN , 5633-20-5 ,1975,  ,  ,  , ORAL TRANSDERMAL ,193,19.8,2.5,99,6,10, NANOMOLAR ,357.4
506, BUPRENORPHINE , 52485-79-7 ,1981,  ,  ,  , INJECTION SUBLINGUAL TRANSDERMAL BUCCAL IMPLANTATION SUBCUTANEOUS ,430,55,36.5,96,15,10, NANOMOLAR ,467.6
621, LORATADINE , 79794-75-5 ,1993,  ,  ,865, ORAL ,,,8.4,98,,10, NANOMOLAR ,382.8
644, PENICILLAMINE , 52-67-5 ,1970,  ,  ,  , ORAL ,,,4.3,80,55,10, MICROMOLAR ,149.2
1795, M CARIPRAZINE , 839712-15-1 ,0,  ,1794,  ,  ,,,,94,,10, NANOMOLAR ,427.4
1622, DOLUTEGRAVIR , 1051375-16-6 ,2013,  ,  ,  , ORAL ,17.4,1,14,98.9,,9.9, MICROMOLAR ,419.3
709, HALOFANTRINE , 69756-53-2 ,1992, DISCONTINUED ,  ,  , ORAL ,,,192,,,9.8, MICROMOLAR ,500.4
937, QUININE , 130-95-0 ,2005,  ,  ,  , ORAL ,312,11,11,80,82,9.8, MICROMOLAR ,324.4
40, METHYLERGONOVINE , 113-42-8 ,1946,  ,  ,  , ORAL INJECTION ,56.1,14.4,3.39,,60,9.56, NANOMOLAR ,339.4
922, ANIDULAFUNGIN , 166663-25-8 ,2006,  ,  ,  , INTRAVENOUS INJECTION ,40,0.78,50.3,99,,9.5, MICROMOLAR ,1140.2
1274, TILUDRONATE , 89987-06-4 ,1997, DISCONTINUED ,  ,  , ORAL ,,,150,90,6,9.4, MICROMOLAR ,362.5
617, KETOROLAC , 74103-06-3 ,1989,  ,  ,  , ORAL INJECTION OPHTHALMIC NASAL IRRIGATION ,13,13.6,5,99,100,9.3, MICROMOLAR ,255.2
1882, FOSNETUPITANT , 1703748-89-3 ,2018,  ,  ,1726, INTRAVENOUS ,124,90,0.96,92,,9.3, MICROMOLAR ,761.5
1541, M ALCAFTADINE , 147083-93-0 ,0,  ,1496,  ,  ,,,2,62.7,,9.28, NANOMOLAR ,307.3
1872, BENZNIDAZOLE , 22994-85-0 ,2017,  ,  ,  , ORAL ,,,13,52,,9.2, NANOMOLAR ,260.2
997, MINOCYCLINE , 10118-90-8 ,1971,  ,  ,  , ORAL INJECTION DENTAL ,104,4.68,19,,,9.14, MICROMOLAR ,457.4
1193, LOMEFLOXACIN , 98079-51-7 ,1992, DISCONTINUED ,  ,  , ORAL ,97.3,8.7,7.75,10,97,9.1, MICROMOLAR ,351.3
430, BUTALBITAL , 77-26-9 ,1976,  ,  ,  , ORAL ,,,35,45,,9, MICROMOLAR ,224.2
380, NORGESTREL , 6533-00-2 ,1968,  ,619,  , ORAL ,,,36.4,97,,8.9, NANOMOLAR ,312.4
531, LEVONORGESTREL , 797-63-7 ,1979,  ,619,  , ORAL IMPLANTATION INTRAUTERINE TRANSDERMAL ,172.9,3.4,36.4,97,100,8.9, NANOMOLAR ,312.4
919, TROSPIUM , 47608-32-2 ,2004,  ,  ,  , ORAL ,395,13.6,20,67,9.6,8.9, NANOMOLAR ,392.5
1513, LINAGLIPTIN , 668270-12-0 ,2011,  ,  ,  , ORAL ,1110,76,12,84,30,8.9, NANOMOLAR ,472.5
1300, ATAZANAVIR , 198904-31-3 ,2003,  ,  ,  , ORAL ,,,7.9,86,,8.7, MICROMOLAR ,704.8
1752, M CARBAMAZEPINE , 36507-30-9 ,0,  ,377,  ,  ,,,34,50,,8.7, MICROMOLAR ,236.2
566, LEUPROLIDE , 53714-56-0 ,1985,  ,  ,  , INJECTION IMPLANTATION SUBCUTANEOUS INTRAMUSCULAR ORAL ,27,7.6,3,46,,8.6, NANOMOLAR ,1269.4
837, AMPRENAVIR , 161814-49-9 ,1999, DISCONTINUED ,914,  , ORAL ,,,7.7,90,,8.23, MICROMOLAR ,505.6
760, FEBUXOSTAT , 144060-53-7 ,2009,  ,  ,  , ORAL ,50,5.3,6.5,99.2,49,8.22, MICROMOLAR ,316.3
1134, METAXALONE , 1665-48-1 ,1962,  ,  ,  , ORAL ,800,66,9,,,8.2, MICROMOLAR ,221.2
1716, TEDIZOLID , 856866-72-3 ,0,  ,1717,  ,  ,73.5,5.9,12,80,91,8.1, MICROMOLAR ,370.3
377, CARBAMAZEPINE , 298-46-4 ,1968,  ,  ,1752, ORAL INTRAVENOUS ,74.7,4.8,37.5,76,89,8, MICROMOLAR ,236.2
576, DICLOFENAC , 15307-86-5 ,1988,  ,  ,  , ORAL OPHTHALMIC TOPICAL INTRAVENOUS ,91,34.9,2.3,99,50,8, MICROMOLAR ,296.1
626, OFLOXACIN , 82419-36-1 ,1990,  ,  ,  , ORAL OPHTHALMIC INJECTION OTIC ,104,9.7,4.5,32,98,8, MICROMOLAR ,361.3
912, MICAFUNGIN , 235114-32-6 ,2005,  ,  ,  , INJECTION INTRAVENOUS ,25.35,1.16,13.4,99,,7.95, MICROMOLAR ,"1,270.20"
1705, M FLUTAMIDE , 52806-53-8 ,0,  ,519,  ,  ,,,6,93,,7.8, MICROMOLAR ,276.2
1371, CEFADROXIL , 50370-12-2 ,1978,  ,  ,  , ORAL ,14.9,9.7,1.1,61,,7.71, MICROMOLAR ,363.4
1280, CLOPIDOGREL , 113665-84-2 ,1997,  ,  ,  1564  1565  , ORAL ,,,6,98,50,7.7, NANOMOLAR ,321.8
1922, IVOSIDENIB , 1448347-49-6 ,2018,  ,  ,  , ORAL ,234,4.3,93,94,,7.7, MICROMOLAR ,583
36, DIHYDROERGOTAMINE , 511-12-6 ,1946,  ,  ,  , INJECTION NASAL ,800,90,9,93,,7.6, NANOMOLAR ,583.6
489, FLUNISOLIDE , 3385-03-3 ,1981,  ,  ,  , NASAL INHALATION ,260,125,1.5,80,7,7.6, NANOMOLAR ,434.4
1843, TELOTRISTAT ETHYL , 1033805-22-9 ,2017,  ,  ,1842, ORAL ,,2.7,0.6,99,,7.6, NANOMOLAR ,838.8
1555, ARTICAINE , 23964-58-1 ,2000,  ,  ,  , INJECTION ,,,43.8,70,,7.55, MICROMOLAR ,284.3
591, NORFLOXACIN , 70458-96-7 ,1986, DISCONTINUED ,  ,  , ORAL OPHTHALMIC ,,,3.5,,35,7.5, MICROMOLAR ,319.3
1652, M RIFAPENTINE , 79039-56-8 ,0,  ,841,  ,  ,,,13,93.2,,7.5, MICROMOLAR ,877
1697, M SIMVASTATIN , 121009-77-6 ,0,  ,631,  ,  ,,,4.8,95,,7.5, NANOMOLAR ,418.5
357, FENTANYL , 437-38-7 ,1968,  ,  ,  , INJECTION TRANSDERMAL ORAL TRANSMUCOSAL IONTOPHORESIS BUCCAL SUBLINGUAL NASAL ,260,32.5,7,82,50,7.4, NANOMOLAR ,336.4
1601, PICOSULFATE , 10040-45-6 ,2012,  ,  ,1608, ORAL ,,,7.4,,,7.3, NANOMOLAR ,481.4
911, EMTRICITABINE , 143491-57-0 ,2003,  ,  ,  , ORAL ,261,18.1,10,4,75,7.28, MICROMOLAR ,247.2
1067, CEFDINIR , 91832-40-5 ,1997,  ,  ,  , ORAL ,22.75,60,1.7,65,,7.26, MICROMOLAR ,395.4
1633, CEFPODOXIME , 80210-62-4 ,0,  ,  985  1055  ,  ,  ,30,,2.4,29,45,7.25, MICROMOLAR ,427.4
1422, GANIRELIX , 124904-93-4 ,1999,  ,  ,  , INJECTION ,43.7,3.3,16.2,81.9,91.1,7.14, NANOMOLAR ,1570.3
1006, MITOMYCIN , 50-07-7 ,1981,  ,  ,  , INJECTION TOPICAL ,,,0.76,,,7.1, MICROMOLAR ,334.3
1277, NELFINAVIR , 159989-64-7 ,1997,  ,  ,  , ORAL ,292,47.6,4.25,98,,7, MICROMOLAR ,567.8
255, CARISOPRODOL , 78-44-4 ,1959,  ,  ,164, ORAL ,,,2,,,6.92, MICROMOLAR ,260.3
915, APREPITANT , 170729-80-3 ,2003,  ,1434,  , ORAL INTRAVENOUS ,70,4.4,11,95,,6.9, MICROMOLAR ,534.4
1265, ROPIVACAINE , 84057-95-4 ,1996,  ,  ,  , INJECTION ,41,23,4.2,94,,6.9, MICROMOLAR ,274.4
1175, BEPRIDIL , 64706-54-3 ,1990, DISCONTINUED ,  ,  , ORAL ,,,42,99,,6.8, MICROMOLAR ,366.5
272, ISOSORBIDE MONONITRATE , 16051-77-7 ,1991,  ,  ,  , ORAL ,42.2,7,5,0,100,6.5, MICROMOLAR ,191.1
516, KETOCONAZOLE , 65277-42-1 ,1981,  ,  ,  , ORAL TOPICAL ,,,6.5,99,,6.5, MICROMOLAR ,531.4
833, PANTOPRAZOLE , 102625-70-7 ,2000,  ,  ,  , ORAL IV INJECTION ,17.3,10.8,1,98,77,6.5, MICROMOLAR ,383.3
883, DUTASTERIDE , 164656-23-9 ,2001,  ,  ,  , ORAL ,400,0.33,840,99,60,6.4, NANOMOLAR ,528.5
1548, TROGLITAZONE , 97322-87-7 ,1997, DISCONTINUED ,  ,  , ORAL ,1202,29.7,25,99,,6.39, MICROMOLAR ,441.5
291, COLCHICINE , 64-86-8 ,1961,  ,  ,  , ORAL ,341.5,54.1,28.9,39,45,6.25, NANOMOLAR ,399.4
614, ENOXACIN , 74011-58-8 ,1991, DISCONTINUED ,  ,  , ORAL ,130,21,4.5,40,90,6.2, MICROMOLAR ,320.3
625, OLSALAZINE , 15722-48-2 ,1990,  ,  ,1399, ORAL ,4.5,4.6,0.9,99,2.4,6.2, MICROMOLAR ,302.2
913, RANOLAZINE , 95635-55-5 ,2006,  ,  ,  , ORAL ,,,7,62,76,6.08, MICROMOLAR ,427.5
1826, RUCAPARIB , 283173-50-2 ,2016,  ,  ,  , ORAL ,187,47,17,70,36,6, MICROMOLAR ,323.4
1855, MAYTANSINE , 139504-50-0 ,2013,  ,  ,  , SINGLE ,,,,93,,6, NANOMOLAR ,692.2
984, CLINDAMYCIN , 18323-44-9 ,1970,  ,  1445  1446  ,  , ORAL ,51.3,17.5,2.4,94,,5.89, MICROMOLAR ,424.9
381, FLURAZEPAM , 17617-23-1 ,1970,  ,  ,1751, ORAL ,,,2.3,,,5.8, NANOMOLAR ,387.8
963, DOXYCYCLINE , 564-25-0 ,1967,  ,  ,  , ORAL INJECTION PERIODONTAL ,44.8,1.8,20,90,,5.8, MICROMOLAR ,444.4
1580, CARFILZOMIB , 868540-17-4 ,2012,  ,  ,  , INTRAVENOUS ,28,207,1,97,,5.8, MICROMOLAR ,719.9
755, IRINOTECAN , 97682-44-5 ,1996,  ,  ,  , INJECTION INTRAVENOUS ,376,22.3,8,49,,5.78, MICROMOLAR ,586.6
1436, LANREOTIDE , 108736-35-2 ,2007,  ,  ,  , SUBCUTANEOUS ,13,23.7,636,81,78.4,5.7, NANOMOLAR ,"1,096.30"
358, INDOMETHACIN , 53-86-1 ,1965,  ,  ,  , ORAL RECTAL INJECTION ,6.24,5.07,4.5,99,100,5.6, MICROMOLAR ,357.8
475, CARBOPROST , 35700-23-3 ,1979,  ,  ,  , INJECTION ,,,,,,5.6, NANOMOLAR ,368.5
1889, TECOVIRIMAT , 869572-92-9 ,2018,  ,  ,  , ORAL ,1030,31,20,79,,5.6, MICROMOLAR ,376.3
1930, ALPELISIB , 1217486-61-7 ,2019,  ,  ,  , ORAL ,114,9.2,8.5,89,,5.6, MICROMOLAR ,441.5
831, EFAVIRENZ , 154598-52-4 ,1998,  ,  ,  , ORAL ,,,64,99.6,,5.35, MICROMOLAR ,315.6
533, NABILONE , 51022-71-0 ,1985,  ,  ,  , ORAL ,812,281.3,2,,,5.3, NANOMOLAR ,372.5
609, MEFLOQUINE , 53230-10-7 ,1989,  ,  ,  , ORAL ,1300,1.8,504,98,85,5.29, MICROMOLAR ,378.3
1786, ELUXADOLINE , 864821-90-9 ,2015,  ,  ,  , ORAL ,,,4.8,81,,5.27, NANOMOLAR ,569.6
98, PHENYLEPHRINE , 59-42-7 ,1952,  ,  ,  , OPHTHALMIC ORAL INHALATION INTRAVENOUS IRRIGATION ,340,2,1.35,,,5.2, MILLIMOLAR ,167.2
1515, TELAPREVIR , 402957-28-2 ,2011, DISCONTINUED ,  ,  , ORAL ,252,32.4,4.4,67,,5.16, MICROMOLAR ,679.8
875, TREPROSTINIL , 81846-19-7 ,2002,  ,  ,  , IV SUBCUTANEOUS INHALATION ORAL INTRAVENOUS ,13,27.8,4,91,100,5.12, NANOMOLAR ,412.4
1249, OCTREOTIDE , 83150-76-9 ,1988,  ,  ,  , INJECTION ,13.6,8.5,1.8,65,,5.1, NANOMOLAR ,1019.2
1585, REGORAFENIB , 755037-03-7 ,2012,  ,  ,  , ORAL ,,,28,99.5,76,5.1, MICROMOLAR ,482.8
1051, CLARITHROMYCIN , 81103-11-9 ,1991,  ,  ,  , ORAL ,97.5,28.5,6,77,50,5, MICROMOLAR ,747.9
1199, GREPAFLOXACIN , 119914-60-2 ,1997, DISCONTINUED ,  ,  , ORAL ,325,15,15,50,70,4.95, MICROMOLAR ,359.4
800, TOLTERODINE , 124937-51-5 ,1998,  ,  ,1549, ORAL ,113,534,2,96.3,,4.92, NANOMOLAR ,325.4
155, BUSULFAN , 55-98-1 ,1954,  ,  ,  , ORAL INJECTION ,41.6,9.8,3.4,32.4,,4.9, MICROMOLAR ,246.3
784, GREPAFLOXACIN , 119914-60-2 ,1997, DISCONTINUED ,  ,  , ORAL ,325,15,15,50,70,4.9, MICROMOLAR ,359.4
1514, FIDAXOMICIN , 873857-62-6 ,2011,  ,  ,1535, ORAL ,,,11.7,,,4.9, NANOMOLAR ,1058
866, ETONOGESTREL , 54048-10-1 ,2001,  ,676,  , VAGINAL IMPLANTATION ,201,3.4,29.3,66,100,4.8, NANOMOLAR ,324.5
1656, M ALBENDAZOLE , 54029-12-8 ,0,  ,777,  ,  ,,,10,70,5,4.66, MICROMOLAR ,265.3
726, LANSOPRAZOLE , 103577-45-3 ,1995,  ,  ,  , ORAL INTRAVENOUS ,15.7,11.1,1.3,97,80,4.6, MICROMOLAR ,369.3
781, MIFEPRISTONE , 84371-65-3 ,2000,  ,  ,  , ORAL ,,,18,98,69,4.6, NANOMOLAR ,429.6
515, NITROGLYCERIN , 55-63-0 ,1981,  ,  ,  , INJECTION SUBLINGUAL TRANSDERMAL INTRA ,214.5,816,0.046,60,40,4.5, NANOMOLAR ,227
1047, CEFIXIME , 79350-37-1 ,1989,  ,  ,  , ORAL ,15.6,3.9,4,65,45,4.41, MICROMOLAR ,453.4
747, BUTENAFINE , 101828-21-1 ,1996,  ,  ,  , TOPICAL ,,,,,,4.4, NANOMOLAR ,317.4
891, RIFAXIMIN , 80621-81-4 ,2004,  ,  ,  , ORAL ,,,1.8,67.5,,4.33, NANOMOLAR ,785.9
712, PACLITAXEL , 33069-62-4 ,1992,  ,  ,  , INJECTION IV ,736,19.6,20.2,93,,4.3, MICROMOLAR ,853.9
1309, LAPATINIB , 231277-92-2 ,2007,  ,  ,  , ORAL ,,,14.2,99,,4.18, MICROMOLAR ,581
864, GEMIFLOXACIN , 175463-14-6 ,2003,  ,  ,  , ORAL ,271,26.8,7,65,71,4.13, MICROMOLAR ,389.4
635, OMEPRAZOLE , 73590-58-6 ,1989,  ,  ,  , ORAL INTRAVENOUS ,16,33,0.75,95,35,4.09, MICROMOLAR ,345.4
806, PARICALCITOL , 131918-61-1 ,1998,  ,  ,  , INTRAVENOUS ORAL INJECTION ,34,1.49,5,99.8,79,4.03, NANOMOLAR ,416.6
803, ENTACAPONE , 130929-57-6 ,1999,  ,  ,  , ORAL ,20,51,0.9,98,35,3.93, MICROMOLAR ,305.2
315, DIPYRIDAMOLE , 58-32-2 ,1961,  ,  ,  , ORAL INJECTION ,92,4.6,13.6,99,,3.92, MICROMOLAR ,504.6
1554, UNOPROSTONE , 120373-36-6 ,0,  ,1424,  ,  ,,,0.23,,,3.92, NANOMOLAR ,382.5
1429, ROTIGOTINE , 99755-59-6 ,2007,  ,  ,  , TRANSDERMAL ,5460,630,6,92,,3.8, NANOMOLAR ,315.4
1586, ELVITEGRAVIR , 697761-98-1 ,2012,  ,  ,  , ORAL ,,,12.9,98,,3.8, MICROMOLAR ,447.9
1920, ERAVACYCLINE , 1207283-85-9 ,2018,  ,  ,  , INTRAVENOUS ,321,,20,90,,3.8, MICROMOLAR ,558.6
125, NITROFURANTOIN , 67-20-9 ,1953,  ,  ,  , ORAL INJECTION ,37,37.8,0.97,83,,3.67, MICROMOLAR ,238.1
632, APRACLONIDINE , 66711-21-5 ,1987,  ,  ,  , OPHTHALMIC ,,,8,,,3.6, NANOMOLAR ,245.1
1921, DUVELISIB , 1201438-56-3 ,2018,  ,  ,  , ORAL ,28.5,4.2,4.7,98,42,3.6, MICROMOLAR ,416.9
1553, CEFDITOREN , 104145-95-1 ,0,  ,1425,  ,  ,9.3,4.5,1.6,88,,3.55, MICROMOLAR ,506.5
128, PROPANTHELINE , 298-50-0 ,1953,  ,  ,  , ORAL INJECTION ,,79.2,1.6,,,3.5, MICROMOLAR ,368.5
555, RIBAVIRIN , 36791-04-5 ,1985,  ,  ,  , INHALATION ORAL ,2825,38.2,43.6,0,64,3.5, MICROMOLAR ,244.2
410, TRIMETHOPRIM , 738-70-5 ,1973,  ,  ,  , ORAL INJECTION OPHTHALMIC ,97.5,8.1,9,44,,3.44, MICROMOLAR ,290.3
70, ERGOTAMINE , 113-15-5 ,1948,  ,  ,  , ORAL RECTAL INHALATION SUBLINGUAL ,120,44,2.25,98,62,3.3, MICROMOLAR ,581.6
779, SPARFLOXACIN , 110871-86-8 ,1996, DISCONTINUED ,  ,  , ORAL ,253,11.4,20,45,92,3.3, MICROMOLAR ,392.4
1518, BOCEPREVIR , 394730-60-0 ,2011, DISCONTINUED ,  ,  , ORAL ,772,161,3.4,75,,3.3, MICROMOLAR ,519.7
1911, GLASDEGIB , 1095173-27-5 ,2018,  ,  ,  , ORAL ,188,6.45,17.4,91,77,3.3, MICROMOLAR ,374.4
816, CILOSTAZOL , 73963-72-1 ,1999,  ,  ,  , ORAL ,,,12,96.5,,3.25, MICROMOLAR ,369.4
62, DIETHYLCARBAMAZINE , 90-89-1 ,1950, DISCONTINUED ,  ,  , ORAL ,533,2,11.4,,,3.2, MICROMOLAR ,199.2
495, TRAZODONE , 19794-93-5 ,1981,  ,  ,  , ORAL ,33.8,5.4,10,92,,3.2, MICROMOLAR ,371.8
678, ITRACONAZOLE , 84625-61-6 ,1992,  ,  ,  , ORAL INJECTION ,796,22.8,64,99.8,55,3.2, MICROMOLAR ,705.6
463, BUTORPHANOL , 42408-82-2 ,1978,  ,  ,  , INJECTION NASAL ,603,103,4.74,80,65,3.18, NANOMOLAR ,327.5
1597, OSPEMIFENE , 128607-22-7 ,2013,  ,  ,  , ORAL ,448,9.16,26,99,,3.16, MICROMOLAR ,378.9
1866, LOFEXIDINE , 31036-80-3 ,2018,  ,  ,  , ORAL ,480,17.6,12,55,72,3.16, NANOMOLAR ,259.1
1069, QUINUPRISTIN , 120138-50-3 ,1999,  ,  ,  , INJECTION INTRAVENOUS ,29,46.8,0.85,66,,3.1, MICROMOLAR ,1022.2
1929, ERDAFITINIB , 1346242-81-6 ,2019,  ,  ,  , ORAL ,29,0.362,59,99.8,,3.1, MICROMOLAR ,446.2
828, MELOXICAM , 71125-38-7 ,2000,  ,  ,  , ORAL ,14.7,0.52,20.1,99.4,89,3, MICROMOLAR ,351.4
1073, AZACITIDINE , 320-67-2 ,2004,  ,  ,  , INTRAVENOUS SUBCUTANEOUS ,76,167,0.68,,89,3, MICROMOLAR ,244.2
1894, SEGESTERONE ACETATE , 7759-35-5 ,2018,  ,  ,  , VAGINAL ,1274,,4.5,95,,3, NANOMOLAR ,370.5
530, ISOTRETINOIN , 4759-48-2 ,1982,  ,  ,  , ORAL ,,,21,99.9,,2.87, MICROMOLAR ,300.4
1423, NORELGESTROMIN , 53016-31-2 ,2001,  ,619,  , TRANSDERMAL ,,,32.1,97,,2.8, NANOMOLAR ,327.5
1157, TEMAZEPAM , 846-50-4 ,1981,  ,324,  , ORAL ,,,8.8,96,92,2.7, MICROMOLAR ,300.7
992, DEMECLOCYCLINE , 127-33-3 ,1960,  ,  ,  , ORAL ,84.5,4.3,13,65,,2.62, MICROMOLAR ,464.9
260, MEDROXYPROGESTERONE ACETATE , 71-58-9 ,1959,  ,  ,  , ORAL INJECTION INTRAMUSCULAR SUBCUTANEOUS ,78024,3846,12.1,90,,2.6, NANOMOLAR ,386.5
539, PRAZIQUANTEL , 55268-74-1 ,1982,  ,  ,  , ORAL ,,,1.1,80,80,2.6, MICROMOLAR ,312.4
703, BUDESONIDE , 51333-22-3 ,1994,  ,  ,  , NASAL INHALATION ORAL RECTAL ,195,72,2.5,87.5,9,2.6, NANOMOLAR ,430.5
1784, DEOXYCHOLIC ACID , 83-44-3 ,2015,  ,  ,  , SUBCUTANEOUS ,,,,98,,2.6, MICROMOLAR ,392.5
225, TRIAMCINOLONE ACETONIDE , 76-25-5 ,1958,  ,  ,  , TOPICAL INJECTION DENTAL INHALATION NASAL INTRAVITREAL ,99.5,45.2,1.46,68,,2.58, NANOMOLAR ,434.5
1628, SIMEPREVIR , 923604-59-5 ,2013, DISCONTINUED ,  ,  , ORAL ,,,25.5,99.9,62,2.58, MICROMOLAR ,749.9
1834, NIRAPARIB , 1038915-60-4 ,2017,  ,  ,  , ORAL ,122016.2,,36,83,73,2.51, MICROMOLAR ,320.4
862, TELITHROMYCIN , 191114-48-4 ,2004, DISCONTINUED ,  ,  , ORAL ,188,54.6,10,65,57,2.46, MICROMOLAR ,812
1822, VENETOCLAX , 1257044-40-8 ,2016,  ,  ,  , ORAL ,288,,26,99.9,,2.42, MICROMOLAR ,868.4
205, PERPHENAZINE , 58-39-9 ,1957,  ,  ,  , ORAL INJECTION ,1170,105.3,10.5,93,,2.4, NANOMOLAR ,404
728, STAVUDINE , 3056-17-5 ,1994,  ,  ,  , ORAL ,46,35.6,1.6,0,86,2.4, MICROMOLAR ,224.2
1276, TROVAFLOXACIN , 147059-72-1 ,1997, DISCONTINUED ,689,  , ORAL ,84.5,5.4,9,76,,2.4, MICROMOLAR ,416.4
1841, BRIGATINIB , 1197953-54-0 ,2017,  ,  ,  , ORAL ,153,12.7,25,66,,2.4, MICROMOLAR ,584.1
103, METHOTREXATE , 59-05-2 ,1953,  ,  ,  , ORAL INJECTION SUBCUTANEOUS ,39,8.2,7.5,50,60,2.3, MICROMOLAR ,454.4
627, MORICIZINE , 31883-05-3 ,1990, DISCONTINUED ,  ,  , ORAL ,300,150,1.9,93.5,36,2.3, MICROMOLAR ,427.5
964, ERYTHROMYCIN , 114-07-8 ,1964,  ,  965  966  ,  , INJECTION OPHTHALMIC TOPICAL ORAL ,61.7,21.8,2,90,,2.29, MICROMOLAR ,733.9
1892, M TRICLABENDAZOLE , 106791-37-1 ,0,  ,1890,  ,  ,,,11,98.8,,2.29, MICROMOLAR ,359.7
1912, DORAVIRINE , 1338225-97-0 ,2018,  ,  ,  , ORAL ,60.5,6.36,15,76,64,2.26, MICROMOLAR ,425.7
714, TRAMADOL , 181289-59-8 ,1995,  ,  ,  1674  1676  1678  1680  , ORAL ,188,23,6.7,20,75,2.25, MICROMOLAR ,263.3
1252, GOSERELIN , 65807-02-5 ,1989,  ,  ,  , IMPLANTATION ,20.3,9.78,1.4,27.3,,2.23, NANOMOLAR ,"1,269.40"
1701, M MISOPROSTOL , 259218-79-6 ,0,  ,  577  580  ,  ,  ,,,0.5,90,,2.2, NANOMOLAR ,382.5
1642, M CICLESONIDE , 161115-59-9 ,0,  ,923,  ,  ,786,228,6.5,99,63,2.17, NANOMOLAR ,540.7
1779, SONIDEGIB , 956697-53-3 ,2015,  ,  ,  , ORAL ,9166,9.4,672,97,10,2.12, MICROMOLAR ,485.5
571, DEZOCINE , 53648-55-8 ,0, DISCONTINUED ,  ,  , INJECTION ,390,97.5,4,91.6,,2.1, MICROMOLAR ,245.3
602, CLOFAZIMINE , 2030-63-9 ,1986, DISCONTINUED ,  ,  , ORAL ,,,1680,,53,2.1, MICROMOLAR ,473.3
1090, METHADONE , 76-99-3 ,1947,  ,  ,  , ORAL INJECTION ,286,6.6,31,79,68,2.03, MICROMOLAR ,309.4
560, NALTREXONE , 16590-41-3 ,1984,  ,  ,  , ORAL INTRAMUSCULAR ,1350,210,4,21,22,2, NANOMOLAR ,341.4
1188, FELODIPINE , 72509-76-3 ,1991,  ,  ,  , ORAL ,650,48,14,99,20,2, NANOMOLAR ,384.2
1312, COLISTIN , 1066-17-7 ,1962,  ,977,  , ORAL OTIC ,189,13.7,14.4,,,1.99, MICROMOLAR ,"1,155.40"
400, MEGESTROL ACETATE , 595-33-5 ,1971,  ,  ,  , ORAL ,,,35,,,1.96, MICROMOLAR ,342.4
1532, IVACAFTOR , 873054-44-5 ,2012,  ,  ,  , ORAL ,353,17.3,12,99,,1.95, MICROMOLAR ,392.5
1895, OMADACYCLINE , 389139-89-3 ,2018,  ,  ,  , ORAL INTRAVENOUS ,190,34.6,16.8,20,34.5,1.93, MICROMOLAR ,556.6
970, GRISEOFULVIN , 126-07-8 ,1962,  ,  ,  , ORAL ,45.5,,16.5,80,,1.9, MICROMOLAR ,352.7
1712, EFINACONAZOLE , 164650-44-6 ,2014,  ,  ,  , TOPICAL ,,,29.9,,,1.9, NANOMOLAR ,348.3
1801, ROLAPITANT , 552292-08-7 ,2015,  ,  ,  , ORAL INTRAVENOUS ,460,0.96,176,99.8,,1.9, MICROMOLAR ,500.5
836, CELECOXIB , 169590-42-5 ,1998,  ,  ,  , ORAL ,429,27.7,11.2,97,,1.85, MICROMOLAR ,381.3
832, RABEPRAZOLE , 117976-89-3 ,1999,  ,  ,  , ORAL ,14.3,15.6,1.5,96.3,52,1.84, MICROMOLAR ,359.4
1915, LAROTRECTINIB , 1223403-58-4 ,2018,  ,  ,  , ORAL ,48,98,2.9,70,34,1.84, MICROMOLAR ,428.4
141, RESERPINE , 50-55-5 ,1954, DISCONTINUED ,  ,  , ORAL INJECTION ,,,200,95,50,1.8, NANOMOLAR ,608.6
1246, PENTAMIDINE , 100-33-4 ,1984,  ,  ,  , INJECTION INHALATION ,3445,248,25,,,1.8, MICROMOLAR ,340.4
1197, BICALUTAMIDE , 90357-06-5 ,1995,  ,  ,  , ORAL ,64,0.32,139,96,,1.78, MICROMOLAR ,430.4
84, ASPIRIN , 50-78-2 ,1950,  ,  ,1770, ORAL ,10,27.7,0.25,32,,1.77, MICROMOLAR ,180.1
1524, TICAGRELOR , 274693-27-5 ,2011,  ,  ,863, ORAL ,88,8.7,7,99,36,1.76, MICROMOLAR ,522.5
958, MARAVIROC , 376348-65-1 ,2007,  ,  ,  , ORAL ,194,8.4,16,76,28,1.73, MICROMOLAR ,513.6
881, PIMECROLIMUS , 137071-32-0 ,2001,  ,  ,  , TOPICAL ,,,,99.5,,1.72, NANOMOLAR ,810.4
708, FLUVOXAMINE , 54739-18-3 ,1994,  ,  ,  , ORAL ,1625,72,15.6,80,53,1.71, MICROMOLAR ,318.3
683, PENTOSTATIN , 53910-25-1 ,1991,  ,  ,  , INJECTION ,37,6.5,6,3.8,,1.7, MICROMOLAR ,268.2
1231, CLEMASTINE , 15686-51-8 ,1977,  ,  ,  , ORAL ,,,,,,1.7, NANOMOLAR ,343.8
1509, VANDETANIB , 443913-73-3 ,2011,  ,  ,  , ORAL ,7450,13.2,456,90,,1.7, MICROMOLAR ,475.3
1569, M DOLASETRON , 127951-99-9 ,0,  ,1267,  ,  ,377,52,8.1,77,75,1.7, MICROMOLAR ,438.5
987, TETRACYCLINE , 60-54-8 ,1953,  ,  ,  , ORAL OPHTHALMIC INJECTION TOPICAL PERIODONTAL ,78,5.8,9.4,22,,1.68, MICROMOLAR ,444.4
1288, ROSIGLITAZONE , 122320-73-4 ,1999,  ,  ,  , ORAL ,17.6,3.03,3.5,99.8,99,1.67, MICROMOLAR ,357.4
1552, AMFENAC , 51579-82-9 ,0,  ,1430,  ,  ,,,,99.1,,1.65, NANOMOLAR ,255.2
1651, M TEMOZOLOMIDE , 3413-72-7 ,0,  ,842,  ,  ,,,,,,1.64, MICROMOLAR ,194.1
199, CHLORAMBUCIL , 305-03-3 ,1957,  ,  ,  , ORAL ,20.15,10.9,1.3,99,,1.6, MICROMOLAR ,304.2
1273, EMEDASTINE , 87233-61-2 ,1997,  ,  ,  , OPHTHALMIC ,,,3.5,,,1.6, NANOMOLAR ,302.4
1138, OXAZEPAM , 604-75-1 ,1965,  ,  491  1709  ,  , ORAL ,38,4.3,8.2,96,,1.57, MICROMOLAR ,286.7
537, RANITIDINE , 66357-35-5 ,1983,  ,  ,  , ORAL INJECTION ,91,45.6,2.75,15,50,1.56, MICROMOLAR ,314.4
179, AMBENONIUM , 7648-98-8 ,1956, DISCONTINUED ,  ,  , ORAL ,16.6,,,,,1.51, MICROMOLAR ,537.6
249, PHENYLPROPANOLAMINE , 14838-15-4 ,1958, DISCONTINUED ,1106,  , ORAL ,206.7,37,4.05,,,1.5, MICROMOLAR ,151.2
1040, AZTREONAM , 78110-38-0 ,1986,  ,  ,  , INJECTION INHALATION ,12.6,5.4,1.7,60,,1.5, MICROMOLAR ,435.4
939, TIGECYCLINE , 220620-09-7 ,2005,  ,  ,  , INTRAVENOUS ,639,23.8,42.4,80,,1.48, MICROMOLAR ,585.6
353, AMANTADINE , 768-94-5 ,1968,  ,  ,  , ORAL ,357,18.2,17,67,,1.45, MICROMOLAR ,151.2
477, TIMOLOL , 26839-75-8 ,1978,  ,  ,  , ORAL OPHTHALMIC ,97.5,33.1,2.2,10,,1.45, NANOMOLAR ,316.4
1266, BALSALAZIDE , 80573-04-2 ,2000,  ,  ,1399, ORAL ,,,1.9,99,,1.42, MICROMOLAR ,357.3
1917, LORLATINIB , 1454846-35-5 ,2018,  ,  ,  , ORAL ,305,11,24,66,81,1.42, MICROMOLAR ,406.4
1311, BACITRACIN , 1405-87-4 ,1948,  ,  ,  , TOPICAL OPHTHALMIC INJECTION ,,,,,100,1.4, MICROMOLAR ,"1,422.60"
1587, COBICISTAT , 1004316-88-4 ,2012,  ,  ,  , ORAL ,,,3.5,97,,1.4, MICROMOLAR ,776
14, MEPERIDINE , 57-42-1 ,1942,  ,  ,  , ORAL INJECTION ,149.5,19.1,7.9,58,,1.38, MICROMOLAR ,247.3
1619, LEVOMILNACIPRAN , 96847-54-0 ,2013,  ,  ,  , ORAL ,430,25,12,22,92,1.38, MICROMOLAR ,246.3
1819, ALECTINIB , 1256580-46-7 ,2015,  ,  ,  , ORAL ,4016,81.9,33,99,37,1.38, MICROMOLAR ,482.6
299, CHLORPROTHIXENE , 113-59-7 ,1962, DISCONTINUED ,  ,  , ORAL INJECTION ,1035,52,25.8,,17,1.36, MICROMOLAR ,315.8
1253, NAFARELIN , 76932-56-4 ,1990,  ,  ,  , NASAL ,,,3,80,2.8,1.36, NANOMOLAR ,1322.5
1735, DASABUVIR , 1132935-63-7 ,2014,  ,  ,  , ORAL ,396,47.7,5.75,99.5,70,1.35, MICROMOLAR ,493.5
791, IMIQUIMOD , 99011-02-6 ,1997,  ,  ,  , TOPICAL ,,,29.3,,,1.34, NANOMOLAR ,240.3
1054, AZITHROMYCIN , 83905-01-5 ,1991,  ,  ,  , ORAL INJECTION OPHTHALMIC ,2021,37.8,68,29,34,1.33, MICROMOLAR ,785
1416, PHENYLBUTYRATE , 1716-12-7 ,1996,  ,1604,1607, ORAL ,,,0.77,89,,1.32, MILLIMOLAR ,186.2
395, TRETINOIN , 302-79-4 ,1971,  ,  ,  , TOPICAL ORAL ,,,1.25,95,,1.31, MICROMOLAR ,300.4
88, METHIMAZOLE , 60-56-0 ,1950,  ,  ,  , ORAL ,136,4.6,5.4,,,1.3, MICROMOLAR ,114.1
171, PREDNISOLONE , 50-24-8 ,1955,  ,  172  1337  ,  , ORAL TOPICAL OPHTHALMIC OTIC INJECTION ,29.9,11.3,2.5,80,,1.28, MICROMOLAR ,360.4
637, ACITRETIN , 55079-83-9 ,1996,  ,590,  , ORAL ,,,49,99.9,72,1.27, MICROMOLAR ,326.4
737, RIMEXOLONE , 49697-38-3 ,1994, DISCONTINUED ,  ,  , OPHTHALMIC ,,,1.5,,,1.27, NANOMOLAR ,370.5
347, AMINOCAPROIC ACID , 60-32-2 ,1964,  ,  ,  , ORAL INJECTION ,23.1,10.1,2,8,100,1.25, MILLIMOLAR ,131.1
292, PSEUDOEPHEDRINE , 90-82-4 ,1963,  ,  ,  , ORAL ,198.2,27.4,5,,,1.24, MICROMOLAR ,165.2
927, CONIVAPTAN , 210101-16-9 ,2005,  ,  ,  , INTRAVENOUS INJECTION ,49.4,15.2,5,99,,1.24, MICROMOLAR ,498.6
456, DINOPROSTONE , 363-24-6 ,1977,  ,  ,  , VAGINAL ENDOCERVICAL ,,,0.06,,,1.23, NANOMOLAR ,352.5
1430, NEPAFENAC , 78281-72-8 ,2005,  ,  ,1552, OPHTHALMIC ,,,,,,1.22, NANOMOLAR ,254.2
1561, M OSELTAMIVIR , 187227-45-8 ,0,  ,1289,  ,  ,24.5,2.1,8,3,,1.22, MICROMOLAR ,312.4
1904, ELAGOLIX , 834153-87-6 ,2018,  ,  ,  , ORAL ,881,144,5,80,,1.22, MICROMOLAR ,631.6
167, HYDROXYCHLOROQUINE , 118-42-3 ,1955,  ,  ,  , ORAL ,2851,12,172.3,43,,1.2, MICROMOLAR ,335.8
173, RIBOFLAVIN , 83-88-5 ,1953,  ,1324,  , INJECTION INTRAVENOUS ,39.6,29.3,0.93,35.5,,1.2, MICROMOLAR ,376.3
418, DINOPROST , 551-11-1 ,1975, DISCONTINUED ,  ,  , INJECTION ,,,,,,1.2, NANOMOLAR ,354.4
948, VORINOSTAT , 149647-78-9 ,2006,  ,  ,  , ORAL ,32.5,109,2,71,,1.2, MICROMOLAR ,264.3
1772, M AMODIAQUINE , 79352-78-6 ,0,  ,61,  ,  ,12400,34.1,240,,,1.2, MICROMOLAR ,355.8
1868, M FOSTAMATINIB , 841290-80-0 ,0,  ,1867,  ,  ,256,,15,98.3,55,1.17, MICROMOLAR ,580.5
1890, TRICLABENDAZOLE , 68786-66-3 ,2019,  ,  ,  1891  1892  , ORAL ,,,8,96.7,,1.16, MICROMOLAR ,359.7
138, METHOXSALEN , 298-81-7 ,1954,  ,  ,  , ORAL TOPICAL INJECTION ,325,345,2,,,1.15, MICROMOLAR ,216.1
718, ADAPALENE , 106685-40-9 ,1996,  ,  ,  , TOPICAL ,,,17.2,,,1.1, NANOMOLAR ,412.5
1431, METHYLNALTREXONE , 73232-52-7 ,2008,  ,  ,  , SUBCUTANEOUS ORAL ,71.5,6.1,8,13,,1.1, MICROMOLAR ,356.4
1433, DESVENLAFAXINE , 93413-62-8 ,2008,  ,  685  686  ,  , ORAL ,370,26,11,30,80,1.1, MICROMOLAR ,263.3
1842, TELOTRISTAT , 1033805-28-5 ,0,  ,1843,  ,  ,,152,5,99,,1.1, MICROMOLAR ,546.9
1473, BESIFLOXACIN , 141388-76-3 ,2009,  ,  ,  , OPHTHALMIC ,,,7,,,1.09, NANOMOLAR ,393.8
1793, FLIBANSERIN , 167933-07-5 ,2015,  ,  ,  , ORAL ,,,11,98,33,1.07, MICROMOLAR ,390.4
1223, MAFENIDE , 138-39-6 ,1969,  ,  ,  , TOPICAL ,,,,,,1.06, MILLIMOLAR ,186.2
804, RALOXIFENE , 84449-90-1 ,1997,  ,  ,  , ORAL ,152620,2866,27.7,95,2,1.05, NANOMOLAR ,473.5
11, ESTRONE , 53-16-7 ,1941, DISCONTINUED ,  17  961  ,  , INJECTION ,,,,,,1.03, NANOMOLAR ,270.3
846, ROFECOXIB , 162011-90-7 ,1999, DISCONTINUED ,  ,  , ORAL ,91,8.46,17,87,93,1.02, MICROMOLAR ,314.4
1166, ECONAZOLE , 27220-47-9 ,1982,  ,  ,  , TOPICAL ,,,,,,1, NANOMOLAR ,381.6
379, NALOXONE , 465-65-6 ,1971,  ,  ,  , INJECTION ORAL SUBLINGUAL BUCCAL INTRAMUSCULAR SUBCUTANEOUS NASAL ,110.5,89.7,6.25,45,,0.85, NANOMOLAR ,327.2
1401, HISTRELIN , 76712-82-8 ,1991,  ,  ,  , INJECTION SUBCUTANEOUS ,58.4,10.7,3.92,70.5,92,0.83, NANOMOLAR ,1323.5
640, CETIRIZINE , 83881-52-1 ,1995,  ,  ,  , ORAL OPHTHALMIC ,26,2.4,8,91,,0.79, MICROMOLAR ,388.9
1189, LEVOCETIRIZINE , 83881-52-1 ,1995,  ,  ,  , ORAL OPHTHALMIC ,26,2.4,8,91,,0.79, MICROMOLAR ,388.8
1521, ICATIBANT , 130308-48-4 ,2011,  ,  ,  , SUBCUTANEOUS ,29,14.7,1.4,,97,0.747, MICROMOLAR ,1304.5
1483, ROMIDEPSIN , 128517-07-7 ,2009,  ,  ,  , INTRAVENOUS ,78,28.8,3,93,,0.698, MICROMOLAR ,540.6
1925, GILTERITINIB , 1254053-43-4 ,2018,  ,  ,  , ORAL ,1092,14.85,113,94,,0.67, MICROMOLAR ,552.7
1489, ABIRATERONE , 154229-19-3 ,0,  ,1519,  ,  ,19.6,1.1,12,99,,0.64, MICROMOLAR ,349.5
1724, FINAFLOXACIN , 209342-40-5 ,2014, DISCONTINUED ,  ,  , OTIC ,,,,,,0.58, NANOMOLAR ,398.4
1491, TENOFOVIR , 147127-20-6 ,0,  ,  1428  1805  ,  ,  ,84.5,3.4,17,7,25,0.578, MICROMOLAR ,287.2
1024, PIPERACILLIN , 61477-96-1 ,1981,  ,  ,  , INJECTION ,17.5,15.6,0.96,16,,0.57, MILLIMOLAR ,517.5
257, THIORIDAZINE , 50-52-2 ,1962,  ,  ,  , ORAL ,,,15,,,0.55, MICROMOLAR ,370.6
863, M TICAGRELOR , 220347-05-7 ,0,  ,1524,  ,  ,88,6.7,9,99,36,0.55, MICROMOLAR ,522.6
1120, THIORIDAZINE , 50-52-2 ,1962,  ,  ,  , ORAL ,,,15,,,0.55, MICROMOLAR ,370.6
1088, CHLOROQUINE , 54-05-7 ,1949,  ,  ,  , ORAL INJECTION ,9100,16,570,55,,0.513, MICROMOLAR ,319.9
955, IXABEPILONE , 219989-84-1 ,2007,  ,  ,  , INTRAVENOUS ,1000,39,52,72,,0.49, MICROMOLAR ,506.7
344, PRILOCAINE , 721-50-6 ,1965,  ,  ,  , INJECTION TOPICAL PERIODONTAL ,156,142,1.6,40,,0.48, MICROMOLAR ,220.3
1560, NORPROPOXYPHENE , 66796-40-5 ,0,  ,215,  ,  ,,,33,,,0.46, MICROMOLAR ,325.4
1046, VANCOMYCIN , 1404-90-6 ,1964,  ,  ,  , ORAL INJECTION INTRAVENOUS ,35.1,5.07,6.5,30,,0.45, MICROMOLAR ,"1,449.30"
659, FLUTICASONE PROPIONATE , 80474-14-2 ,1990,  ,  ,  , TOPICAL NASAL INHALATION ,273,65.5,10,91,,0.44, NANOMOLAR ,500.6
1592, BOSUTINIB , 380843-75-4 ,2012,  ,  ,  , ORAL ,6080,189,22.5,94,,0.37, MICROMOLAR ,530.4
1411, SALMETEROL , 89365-50-4 ,1994,  ,  ,  , INHALATION ,,,5.5,96,,0.36, NANOMOLAR ,415.6
1511, VILAZODONE , 163521-12-8 ,2011,  ,  ,  , ORAL ,,,25,98,72,0.35, MICROMOLAR ,441.5
1192, ONDANSETRON , 99614-02-5 ,1991,  ,  ,  , INJECTION ORAL ,107,24.7,3.5,73,,0.34, MICROMOLAR ,293.4
1805, TENOFOVIR ALAFENAMIDE , 379270-37-8 ,2015,  ,  ,1491, ORAL ,,,0.51,80,,0.33, MICROMOLAR ,476.4
1910, M REVEFENACIN , 909800-36-8 ,0,  ,1909,  ,  ,,,46,42,,0.33, NANOMOLAR ,597.7
271, ISOSORBIDE DINITRATE , 87-33-2 ,1959,  ,  ,  , ORAL SUBLINGUAL ,195,180,1,28,25,0.32, MICROMOLAR ,236.1
1484, DALFAMPRIDINE , 504-24-5 ,2010,  ,  ,  , ORAL ,169,20,5.8,98,96,0.318, MICROMOLAR ,94.1
1599, POMALIDOMIDE , 19171-19-8 ,2013,  ,  ,  , ORAL ,100,8,9.5,28,,0.27, MICROMOLAR ,273.2
810, FORMOTEROL , 73573-87-2 ,2001,  ,  ,  , INHALATION ,260,84,13,62.5,61,0.26, NANOMOLAR ,344.4
1243, SUFENTANIL , 56030-54-7 ,1984,  ,  ,  , INJECTION SUBLINGUAL ,611,58.5,2.7,93,,0.26, NANOMOLAR ,386.5
1909, REVEFENACIN , 864750-70-9 ,2018,  ,  ,1910, INHALATION ,218,,46,71,3,0.26, NANOMOLAR ,597.3
1257, SUMATRIPTAN , 103628-46-2 ,1992,  ,  ,  , SUBCUTANEOUS ORAL NASAL IONTOPHORESIS INHALATION ,50,71.6,1.9,21,97,0.25, MICROMOLAR ,295.4
1899, GLYCOPYRRONIUM , 596-51-0 ,2018,  ,  ,  , TOPICAL ,27.3,,,,,0.25, NANOMOLAR ,318.4
492, OXPRENOLOL , 6452-71-7 ,0, DISCONTINUED ,  ,  , ORAL ,180,120,1.5,,46.5,0.22, MICROMOLAR ,265.3
888, FONDAPARINUX , 104993-28-4 ,2001,  ,  ,  , SUBCUTANEOUS ,9,0.32,19,0,100,0.22, MICROMOLAR ,"1,728"
1158, OXPRENOLOL , 6452-71-7 ,0, DISCONTINUED ,  ,  , ORAL ,180,120,1.5,,46.5,0.22, MICROMOLAR ,265.3
215, PROPOXYPHENE , 469-62-5 ,1957, DISCONTINUED ,  ,1560, ORAL ,780,58.5,9,80,,0.21, MICROMOLAR ,339.5
662, BISOPROLOL , 66722-44-9 ,1992,  ,  ,  , ORAL ,156,14.4,10,30,80,0.21, MICROMOLAR ,325.4
1352, LEVOPROPOXYPHENE , 2338-37-6 ,1962, DISCONTINUED ,  ,  , ORAL ,780,58.5,9,80,,0.21, MICROMOLAR ,339.5
1304, SUNITINIB , 557795-19-4 ,2006,  ,  ,  , ORAL ,2230,48,50,95,,0.2055, MICROMOLAR ,398.4
1496, ALCAFTADINE , 147084-10-4 ,2010,  ,  ,1541, OPHTHALMIC ,,,,39.2,,0.195, PICOMOLAR ,307.3
876, BIMATOPROST , 155206-00-1 ,2001,  ,  ,  , OPHTHALMIC TOPICAL ,43.5,97.5,0.75,12,,0.19, NANOMOLAR ,415.5
1201, EPINASTINE , 80012-43-7 ,2003,  ,  ,  , OPHTHALMIC ,969,56,12,64,,0.16, NANOMOLAR ,249.3
1322, EQUILIN , 474-86-2 ,1942,  ,  ,  , ORAL INJECTION TOPICAL VAGINAL ,,,15,,,0.15, NANOMOLAR ,268.3
480, CALCITRIOL , 32222-06-3 ,1978,  ,824,  , ORAL INJECTION TOPICAL ,,,6.5,99.9,,0.14, NANOMOLAR ,416.6
1593, PONATINIB , 943319-70-8 ,2012,  ,  ,  , ORAL ,1223,35.3,24,99,,0.13, MICROMOLAR ,532.5
585, CLOBETASOL PROPIONATE , 25122-46-7 ,1985,  ,  ,  , TOPICAL ,,,,,,0.12, NANOMOLAR ,466.9
775, CABERGOLINE , 81409-90-7 ,1996,  ,  ,  , ORAL ,18285,192,66,41,,0.11, NANOMOLAR ,451.6
741, BRIMONIDINE , 59803-98-4 ,1996,  ,  ,  , OPHTHALMIC TOPICAL ,,,3,29,,0.102, NANOMOLAR ,292.1
1527, AXITINIB , 319460-85-0 ,2012,  ,  ,  , ORAL ,160,38,4.3,99,58,0.072, MICROMOLAR ,386.4
1534, M TAFLUPROST , 209860-88-8 ,0,  ,1529,  ,  ,,,,99,,0.0634, NANOMOLAR ,452.5
1648, M TRAVOPROST , 54276-17-4 ,0,  ,872,  ,  ,,,0.75,,,0.04, NANOMOLAR ,500.5
945, ARFORMOTEROL , 67346-49-0 ,2006,  ,  ,  , INHALATION ,,,13,58.5,,0.0125, NANOMOLAR ,344.4
1295, TIOTROPIUM , 186691-13-4 ,2004,  ,  ,  , INHALATION ,2080,52.8,132,72,19.5,0.01, NANOMOLAR ,472.4
