pf_id,smiles,hfu_p_mod,hfu_p_num,measure_comm,hbp_mod,hbp_num,blood2plasm_comm
PF-00346597,Clc2cc1nc(ccc1cc2)\C=C\c3cc(ccc3)[C@H](SCC4(CC4)CC(=O)O)CCc5c(cccc5)C(O)(C)C,=,0.00016876,    No detectable peaks in buffer samples5uM; 10X Dilution; mini presat; 55uM; 10X Dilution; mini presat; 25uM; 10X Dilution; mini presat; 10,=,0.666666667,% Recovery out of +/-30% rangeDisparate replicates  Positive control failure 
PF-01673287,FC(F)(F)c1c(ccc(c1)NC(=O)Nc2ccc(cc2)Oc3cc(ncc3)C(=O)NC)Cl,=,0.000296667, Disparate replicates5uM; 10X Dilution; mini presat; 55uM; 10X Dilution; mini presat; 25uM; 10X Dilution; mini presat; 10,,,
PF-01672112,Fc1cc(ccc1)COc2c(cc(cc2)Nc3ncnc4c3cc(cc4)-c5oc(cc5)CNCCS(=O)(=O)C)Cl,=,0.000337,,,,
PF-04967002,S(=O)(=O)(N)c1c(ccc(c1)Nc2nc(ccn2)N(C)c4cc3nn(c(c3cc4)C)C)C,=,0.0003995,,=,0.649,
PF-05588470,FC(F)(F)Oc1ccc(cc1)-c2c(c(ccc2)C(=O)Nc3cnc(cc3)N4C[C@H](O[C@H](C4)C)C)C,=,0.000466274,,=,0.71,
PF-00346624,S(=O)(=O)(NC(=O)c1cc(c(cc1)Cc2cn(c3c2cc(cc3)NC(=O)OC4CCCC4)C)OC)c5c(cccc5)C,=,0.00055,,,,
PF-06700176,FC(F)(F)c1c(ccc(c1)NC(=O)Nc2c(cc(cc2)Oc3cc(ncc3)C(=O)NC)F)Cl,=,0.000557,,,,
PF-06452816,[nH]1c6c(c5c1C(c2c(cc(c(c2)N3CCC(CC3)N4CCOCC4)CC)C5=O)(C)C)ccc(c6)C#N,=,0.000568, No detectable peaks in buffer samples,,,
PF-06708379,s1nc(c2c1cccc2)N3CCN(CC3)C[C@H]4[C@@H](CCCC4)CN7C(=O)[C@@H]5[C@@H]([C@@H]6C[C@H]5CC6)C7=O,=,0.000851,,,,
PF-05234929,N2c1c(cccc1)C(=O)C(=C2)C(=O)Nc3c(cc(c(c3)O)C(C)(C)C)C(C)(C)C,<,0.001,,=,0.78,
PF-00344899,O(C)c2cc1c(cc(cc1)[C@H](C)C(=O)O)cc2,=,0.00122,,=,0.773275981,
PF-06727614,Clc1c(nc(nc1)Nc2c(cc(c(c2)C)C3CCNCC3)OC(C)C)Nc4c(cccc4)S(=O)(=O)C(C)C,=,0.0013,,,,
PF-00482974,[N+](=O)([O-])c1c(c(cc(c1)C(=O)c2ccc(cc2)C)O)O,=,0.0017,Poor analytical sensitivity ,,,
PF-05166418,Brc1ccc(cc1)C(=O)c2c(c(ccc2)CC(=O)O)N,=,0.0017,,=,0.802,
PF-00344800,N(c1c(c(ccc1)C)C)c2c(cccc2)C(=O)O,=,0.0018,  PreSaturation PPB; 18 hr incubation; [Pre-Saturation] = 0.02 uM,,,
PF-06681660,Brc1cnc(nc1)OCCOc2ncnc(c2-c3ccc(cc3)Br)NS(=O)(=O)NCCC,=,0.00208,,,,
PF-00344631,O(CCCC(C)(C)C(=O)O)c1c(ccc(c1)C)C,=,0.00219,,=,0.565,
PF-00344714,Clc1cc(c(cc1)OC)C(=O)NCCc2ccc(cc2)S(=O)(=O)NC(=O)NC3CCCCC3,=,0.002344444,Disparate replicatesLow recovery in experimentDisparate replicatesDisparate replicates     Dilution Method (10x @ 24 hrs)Dilution Method (10x @ 18 hrs) ,=,0.6275,
PF-00345738,N(C)(C)c1ccc(cc1)[C@H]3C[C@]5([C@H]([C@@H]4CCC2=CC(=O)CCC2=C43)CC[C@@]5(O)C#CC)C,=,0.00244,,=,0.587,
PF-00346444,Clc1c(ccc(c1)Cl)[C@@]2(O[C@H](CO2)COc3ccc(cc3)N4CCN(CC4)c5ccc(cc5)N6C=NN(C6=O)[C@H](CC)C)Cn7ncnc7,=,0.002482, Pre-Saturation Method x5Pre-Saturation Method x10Dilution MethodDilution MethodDilution MethodDilution Method      Dilution Method 10x 18hr                        10x presaturation5x presaturation2x presaturation2x human plasma; 10x2x human plasma; 2x2x human plasma; 2x2x human plasma; 10x ,,,
PF-00346491,Clc1c(cc2c(c1)NC(=O)C2)CCN3CCN(CC3)c4nsc5c4cccc5,=,0.00264,,=,0.62,
PF-00345032,Fc1c(ccc(c1)F)-c2cc(c(cc2)O)C(=O)O,=,0.00276,,,,
PF-06469672,FC5(Oc1c(ccc(c1)C2(CC2)C(=O)Nc4c(cc3n(c(cc3c4)C(CO)(C)C)C[C@@H](O)CO)F)O5)F,=,0.0029,,=,0.555,
PF-00346591,S1[C@H](C(=O)NC1=O)Cc2ccc(cc2)OCCN(C)c3ncccc3,=,0.0031,,,,
PF-00346577,S(C[C@H](NC(=O)c1c(c(ccc1)O)C)[C@H](O)CN2[C@@H](C[C@H]3[C@@H](C2)CCCC3)C(=O)NC(C)(C)C)c4ccccc4,=,0.00328,,,,
PF-05235345,FC5(Oc1c(ccc(c1)C2(CC2)C(=O)Nc3nc(c(cc3)C)-c4cc(ccc4)C(=O)O)O5)F,=,0.0037275, Poor analytical sensitivity Presaturation MethodPresaturation Method,=,0.575,
PF-00344545,Clc1c(c(ccc1)Cl)Nc2c(cccc2)CC(=O)O,=,0.003796,,=,0.75,
PF-00579895,[nH]1nnnc1-c2c(cccc2)-c3ccc(cc3)CN([C@@H](C(C)C)C(=O)O)C(=O)CCCC,<,0.004113077,       Disparate replicates   Dilution MethodDilution Method ,=,0.666333333,Positive control failure   
PF-02375678,[C@H]1(N(C(=O)[C@@H](N(C(=O)[C@@H](N(C(=O)[C@@H](N(C(=O)[C@H](NC(=O)[C@@H](NC(=O)[C@@H](N(C(=O)[C@@H](NC(=O)[C@@H](N(C(=O)CN(C(=O)[C@@H](NC1=O)CC)C)C)CC(C)C)C(C)C)C)CC(C)C)C)C)C)CC(C)C)C)CC(C)C)C)C(C)C)C)[C@@H]([C@@H](C/C=C/C)C)O,=,0.004255,,=,1.093645829,
PF-00344594,S2c1c(cc(cc1)SC)N(c3c2cccc3)CC[C@@H]4N(CCCC4)C,=,0.00428,,,,
PF-03911981,[nH]1nnc(n1)-c2c(cccc2)-c3ccc(cc3)Cn4c(nc(c4C(=O)OCC5=C(OC(=O)O5)C)C(O)(C)C)CCC,=,0.0045,,,,
PF-00344532,N1(CCCC1)[C@H](CN(Cc2ccccc2)c3ccccc3)COCC(C)C,=,0.0047,,,,
PF-00345124,O(c1cc(ccc1)[C@H](C)C(=O)O)c2ccccc2,=,0.00495, Poor analytical sensitivity,=,0.845,
PF-00344704,N(CCOC(=O)C1(CCCCC1)C2CCCCC2)(CC)CC,=,0.00533,,,,
PF-00249451,Fc1ccc(cc1)C(CCCN2CCC(CC2)N4c3c(cccc3)NC4=O)c5ccc(cc5)F,=,0.00545,,,,
PF-00344547,Clc1c(c(ccc1OCC(=O)O)C(=O)C(=C)CC)Cl,=,0.0055,Poor analytical sensitivityPoor analytical sensitivity ,=,0.3625,
PF-05208749,n1(c3c(c(c1-c2ccc(cc2)O)C)cc(cc3)O)Cc4ccc(cc4)OCCN5CCCCCC5,=,0.005837298,,=,0.713333333,
PF-06700174,Fc1ccc(cc1)NC(=O)C2(CC2)C(=O)Nc3ccc(cc3)Oc4c5c(ncc4)cc(c(c5)OC)OC,=,0.00591,,,,
PF-00344597,FC(F)(F)c1cc3c(cc1)Sc2c(cccc2)N3CCCN4CCN(CC4)C,=,0.0061,,,,
PF-00346561,n1(c(nc2c1cc(cc2C)-c3n(c4c(n3)cccc4)C)CCC)Cc5ccc(cc5)-c6c(cccc6)C(=O)O,=,0.00627,,=,0.61,
PF-04960204,Fc1ccc(cc1)-c2c(n(c3c2cccc3)C(C)C)/C=C/[C@H](O)C[C@H](O)CC(=O)O,=,0.0065,,=,0.612,
PF-00346626,S(=O)(=O)(NC(=O)NC(C)C)c1cnccc1Nc2cc(ccc2)C,=,0.00686,,=,0.573,
PF-00345560,S1[C@H](C(=O)NC1=O)Cc2ccc(cc2)OCCc3ncc(cc3)CC,=,0.0076,,,,
PF-01666626,FC(F)Oc1c(cc(cc1)C(=O)Nc2c(cncc2Cl)Cl)OCC3CC3,=,0.00779,,=,0.649,
PF-01620335,Fc1ccc(cc1)-c2c4c(nc(c2/C=C/[C@@H](O)C[C@@H](O)CC(=O)O)C3CC3)cccc4,=,0.0081225,,=,0.65,
PF-00249549,[N+](=O)([O-])c1cc(ccc1)[C@@H]2C(=C(NC(=C2C(=O)OC)C)C)C(=O)OCCN(Cc3ccccc3)C,=,0.00823,,=,0.634,
PF-00346297,S1(=O)(=O)N(C(=C(c2c1cccc2)O)C(=O)Nc3sc(cn3)C)C,=,0.00834,,,,
PF-00579891,Clc1cc(ccc1)N2CCN(CC2)CCCN3N=C(N(C3=O)CCOc4ccccc4)CC,=,0.0084,,,,
PF-06759497,n1(nccc1-c2ncccc2COc3c(c(ccc3)O)C=O)C(C)C,=,0.00891,Poor StabilityPoor StabilityLow recovery in experimentLow recovery in experimentLow recovery in experiment,,,Compound not at equilibrium% Recovery out of +/-30% range% Recovery out of +/-30% range% Recovery out of +/-30% rangeCompound not at equilibriumCompound not at equilibrium
PF-06480567,Brc1n(c(nn1)SCC(=O)O)-c2c4c(c(cc2)C3CC3)cccc4,=,0.00917,,=,0.689,
PF-06700582,Ic1cc(c(cc1)NC2=C3C(=C(C(=O)N2C)C)N(C(=O)N(C3=O)C4CC4)c5cc(ccc5)NC(=O)C)F,=,0.010517674,,=,0.626573093,
PF-00344630,Clc1ccc(cc1)C(=O)n2c3c(c(c2C)CC(=O)O)cc(cc3)OC,=,0.010628333,       5uM; 10X Dilution; mini presat; 25uM; 10X Dilution; mini presat; 55uM; 10X Dilution; mini presat; 10  ,=,0.551,
PF-00344585,[nH]1c6c(c5c1[C@@H]4N(C[C@@H]2[C@@H]([C@@H]([C@H]([C@@H](C2)OC(=O)c3cc(c(c(c3)OC)OC)OC)OC)C(=O)OC)C4)CC5)ccc(c6)OC,=,0.011,,,,
PF-01214528,s1c(nc(c1C(=O)O)C)-c2cc(c(cc2)OCC(C)C)C#N,=,0.011,,=,0.560116495,
PF-00579923,[C@@]32(C(=O)C(=O)N4[C@H](C(=O)O[C@H](\C(=C\[C@H]1C[C@H]([C@@H](CC1)O)OC)\C)[C@@H]([C@H](CC(=O)[C@@H](C=C(C[C@@H](C[C@@H]([C@@H](O2)[C@H](C[C@H]3C)OC)OC)C)C)CC=C)O)C)CCCC4)O,=,0.011666667,Poor analytical sensitivity    ,=,1.06,
PF-00344646,Clc1cc3c(cc1)Sc2c(cccc2)N3CCCN4CCN(CC4)C,=,0.01192,,=,0.807,
PF-00802333,Clc1ccc(cc1)C(=O)c2ccc(cc2)OC(C)(C)C(=O)O,=,0.012,,,,
PF-00579945,N([C@H](Cc1ccccc1)C(=O)O)C(=O)[C@@H]2CC[C@H](CC2)C(C)C,=,0.012375714,,=,0.653,
PF-05299617,Fc1c(ccc(c1)F)CNC(=O)C4=CN3C[C@H]2N([C@@H](CCO2)C)C(=O)C3=C(C4=O)O,=,0.0129,,,,
PF-00344599,O2c1c(cccc1)C(=C(C2=O)[C@H](CC(=O)C)c3ccccc3)O,=,0.013202727,,=,0.595,
PF-04337610,O[C@H]1[C@@H]3[C@@H]([C@@]2([C@H]([C@H]1CC)C[C@@H](CC2)O)C)CC[C@]4([C@H]3CC[C@@H]4[C@@H](CCC(=O)O)C)C,=,0.013425,poor analytical sensitivityPoor analytical sensitivity Presaturation MethodPresaturation MethodPre-saturation method,,,
PF-04440348,[N+](=O)([O-])c1c(c(cc(c1)\C=C(\C(=O)N(CC)CC)/C#N)O)O,=,0.014,,,,
PF-00619124,Clc1c(cccc1N2CCN(CC2)CCCCOc3cc4c(cc3)CCC(=O)N4)Cl,=,0.014475,,=,0.5965,
PF-00345041,FC(F)(F)c1cc3c(cc1)Sc2c(cccc2)N3CCCN4CCN(CC4)CCO,=,0.0159,,=,0.896,
PF-00835131,N1(CCCCC1)c2c(cccc2)[C@@H](NC(=O)Cc3cc(c(cc3)C(=O)O)OCC)CC(C)C,=,0.016196667,,=,0.756028784,Disparate replicates   
PF-00346555,[nH]1nnnc1-c2c(cccc2)-c3ccc(cc3)CN5C(=NC4(CCCC4)C5=O)CCCC,=,0.016366667,,=,0.592666667,Compound not at equilibrium   
PF-04983154,Clc1c(cc(cc1)NC(=O)c2c(cc(cc2)S(=O)(=O)C)Cl)-c3ncccc3,=,0.0165,,=,0.583,
PF-00345548,[nH]1c3c(c2c1cccc2)c(ccc3)OC[C@H](O)CNCCOc4c(cccc4)OC,=,0.0167,,,,
PF-01367866,S(c1c(cccc1)C(=O)NC)c3cc2[nH]nc(c2cc3)/C=C/c4ncccc4,=,0.0168,,=,0.727666667,
PF-00344559,OC(=O)[C@H](C)c1ccc(cc1)CC(C)C,=,0.017233333,Poor analytical sensitivity Poor analytical sensitivityPoor analytical sensitivity  ,,,Poor analytical sensitivity
PF-07261624,S(=O)(=O)(NC(=O)[C@@]65NC(=O)[C@H]1N(C[C@@H](C1)Oc2nc4c(c3c2cccc3)cccc4)C(=O)[C@H](CCCCCC=C[C@H]5C6)NC(=O)c7ncc(nc7)C)C8CC8,=,0.0173,,,,
PF-00344571,Clc1c(ccc(c1)Cl)[C@@]2(O[C@H](CO2)COc3ccc(cc3)N4CCN(CC4)C(=O)C)Cn5cncc5,=,0.017875,,=,0.697,
PF-04993378,Fc1ccc(cc1)-c2sc(cc2)Cc3c(ccc(c3)[C@@H]4O[C@@H]([C@H]([C@@H]([C@H]4O)O)O)CO)C,=,0.0183,,=,0.823256713,Poor analytical sensitivity  
PF-00346556,Fc1ccc(cc1)-c2c(c(nc(c2\C=C\[C@@H](O)C[C@@H](O)CC(=O)O)C(C)C)C(C)C)COC,=,0.0184125,       Disparate replicates ,=,0.5361732,
PF-00345053,N1C(=C([C@H](C(=C1C)C(=O)OC)c3c2nonc2ccc3)C(=O)OC(C)C)C,=,0.02,,,,
PF-00345137,N(CC)(CC)CC#CCOC(=O)[C@](O)(C1CCCCC1)c2ccccc2,=,0.02,,,,
PF-00346560,s1c(nc(c1)CN(C)C(=O)N[C@@H](C(C)C)C(=O)N[C@H](C[C@H](O)[C@@H](NC(=O)OCc2scnc2)Cc3ccccc3)Cc4ccccc4)C(C)C,=,0.0201,,=,0.705,
PF-00344989,OC(=O)[C@H](C)c1cc(ccc1)C(=O)c2ccccc2,=,0.021,,=,0.608,
PF-00345141,Clc1cc3c(cc1)Sc2c(cccc2)N3CCCN4CCN(CC4)CCO,=,0.0212,,=,0.898,
PF-04605975,Fc1cc2c(cc1)O[C@H](CC2)[C@@H](O)CNC[C@H](O)[C@H]4Oc3c(cc(cc3)F)CC4,=,0.0233,,=,0.956,
PF-00345127,n31c(ccc1C(=O)c2ccccc2)[C@H](CC3)C(=O)O,=,0.02365,,=,0.6845,
PF-00345144,S1(=O)(=O)N(C(=C(c2c1cccc2)O)C(=O)Nc3ncccc3)C,=,0.02545,,,,
PF-00579897,Clc1c(ccc(c1)[C@@H]2CC[C@@H](c3c2cccc3)NC)Cl,=,0.026717575,                                                                                                                                                                                                                                                                                                                                                                                                                                                                                                                                                                                                                                              Assay performed at 4 degrees C (24h)Assay performed at 4 degrees C (24h)               Poor analytical sensitivity                                       Positive control failure                         Positive control failure                 Disparate replicates                                                                                   Dilution Method (1x @ 18 hrs)Standard ConditionsDilution Method (1x @ 18 hrs)  Dilution Method (1x @ 18 hrs)Dilution Method (1x @ 24 hrs)  Dilution Method (1x @ 18 hrs)     Dilution Method (10x @ 18 hrs)     Low recovery/ Dilution Method (10x @ 6 hrs)  Dilution Method (10x @ 18 hrs)       18hr Incubation18hr 10x dilution24hr Incubation24hr 10x dilution10x/18hr Dilution Method   18hr/10x dilution Method           Dilution Method (10x @ 18 hrs)              18 hr incubation    18 hour Incubation18 hour Incubation6 hr EqD        Media Composition: HBSS (with Ca/Mg); 20 mM HEPES; 0.1% BSA; 100 uM IBMX                                                                                                 4 degrees 18 hour                                      2uM; 10X Dilution; mini presat; 22uM; 10X Dilution; mini presat; 102uM; 10X Dilution; mini presat; 5                        5x10x2x6hr Mini Presat                                           Blood; Plasma   Blood; Plasma                             ,=,1.65,
PF-05208751,FC(F)Oc2cc1nc([nH]c1cc2)[S@](=O)Cc3nccc(c3OC)OC,=,0.02845,,=,0.571,
PF-01468991,s1c(ccc1)C/C(=C\c2n(c(nc2)CCCC)Cc3ccc(cc3)C(=O)O)/C(=O)O,=,0.02848,,=,0.6155,
PF-01238578,S(=O)(=O)(Nc1nc(nc(c1Oc2c(cccc2)OC)OCCO)-c3ncccn3)c4ccc(cc4)C(C)(C)C,=,0.028977778,poor analytical sensitivity       Low recovery in experiment  ,=,0.672428571,No Equilibrium      
PF-04998299,FC(F)(F)c1c(ccc(c1)N2C(=S)N(C(C2=O)(C)C)c3cc(c(cc3)C(=O)NC)F)C#N,=,0.029,,,,
PF-00579950,[nH]1c2c(c(c1)\C=N\NC(=N)NCCCCC)cc(cc2)OC,=,0.0298,,=,1.44,
PF-00344663,S(=O)(=O)(NC(=O)NCCCC)c1ccc(cc1)C,=,0.0306,,=,0.54,
PF-00579890,Clc1nc(n(c1CO)Cc2ccc(cc2)-c3c(cccc3)-c4[nH]nnn4)CCCC,=,0.03068,,=,0.626,Compound not at equilibrium  
WYE-250415,Clc1cc2c(cc1)N(CCCC2O)C(=O)c3c(cc(cc3)NC(=O)c4c(cccc4)C)C,=,0.031,,=,0.679,
PF-00345029,Clc1cc3c(cc1)Sc2c(cccc2)N3CCCN(C)C,=,0.031627273,   high recovery in experiment      Poor analytical sensitivity ,=,0.825,
PF-00344573,[N+](=O)([O-])c1c(cccc1)C2C(=C(NC(=C2C(=O)OC)C)C)C(=O)OC,=,0.0319,,=,0.59,
PF-06889204,O[C@H]1[C@@H]([C@@H]3[C@H](C1)Cc2c(cccc2OCC(=O)O)C3)CC[C@@H](O)CCCCC,=,0.0337,,=,0.627,
PF-00344983,N1(CCCCC1)c2nc(nc3c2nc(nc3N4CCCCC4)N(CCO)CCO)N(CCO)CCO,=,0.0339,,=,0.612,
PF-06293544,N1(CCN(CC1)C)CC(=O)N(C)c2ccc(cc2)N\C(=C/4\c3c(cc(cc3)C(=O)OC)NC4=O)\c5ccccc5,=,0.036,,,,
PF-00344887,S(=O)(=O)(NC(=O)NC1CCCCC1)c2ccc(cc2)CCNC(=O)c3ncc(nc3)C,=,0.03742,,=,0.619120814,
PF-00345121,Clc1cc2c(cc1)N(C(=O)CN=C2c3ccccc3)C,=,0.0384,diaza ,,,
PF-00346603,N1(CCN(CC1)C(=O)[C@@H]3Oc2c(cccc2)OC3)c4nc5c(c(n4)N)cc(c(c5)OC)OC,=,0.039461943,,=,0.83,
PF-00344554,Clc1c(cc(c(c1)NCc2occc2)C(=O)O)S(=O)(=O)N,=,0.0409,,,,
PF-05906886,[nH]1c5c(c(c1)CCCCN2CCN(CC2)c4cc3c(oc(c3)C(=O)N)cc4)cc(cc5)C#N,=,0.042,,=,0.793,
PF-00344697,ClCCN(CCCl)c1ccc(cc1)CCCC(=O)O,=,0.0433,Low recovery in experiment,=,0.574,
PF-02341066,Fc1c(c(c(cc1)Cl)[C@H](Oc2c(ncc(c2)-c3cn(nc3)C4CCNCC4)N)C)Cl,=,0.0461,,=,1.215,
PF-00346559,s1c(ccc1)[C@@H](Oc2c3c(ccc2)cccc3)CCNC,=,0.0466,,=,0.834,
PF-00579925,S(=O)(=O)(N)c1ccc(cc1)-c2c(noc2C)-c3ccccc3,=,0.0466,,=,4.64,
PF-06749129,Ic1cc(c(cc1)Nc2c(c(ccc2C(=O)N3CC(C3)(O)[C@H]4NCCCC4)F)F)F,=,0.048768259,,=,0.878176811,
PF-00344857,S(=O)(=O)(N)c1c(c(cc(c1)C(=O)O)NCCCC)Oc2ccccc2,=,0.0497,,=,0.621,
PF-00079943,Fc1ccc(cc1)-c2n(c(c(c2-c3ccccc3)C(=O)Nc4ccccc4)C(C)C)CC[C@@H](O)C[C@@H](O)CC(=O)O,=,0.051125,    Ion suppression,=,0.565, % Recovery out of  +/-30% range
PF-00346487,Fc1c(cccc1)C3=NCc2n(c(nc2)C)-c4c3cc(cc4)Cl,=,0.053,,,,
PF-01514191,Fc1c(cc(cc1)Nc2ncnc3c2cc(c(c3)OC)OCCCN4CCOCC4)Cl,=,0.054866667,,=,0.99,
PF-00344586,FC(F)(F)Oc2cc1sc(nc1cc2)N,=,0.0565,,=,0.75,
PF-00345001,Clc1cc3c(cc1)Oc2c(cccc2)N=C3N4CCN(CC4)C,=,0.062,,,,
PF-00345563,N1([C@@H](C[C@H]2[C@@H](C1)CCCC2)C(=O)NC(C)(C)C)C[C@@H](O)[C@@H](NC(=O)[C@@H](NC(=O)c3nc4c(cc3)cccc4)CC(=O)N)Cc5ccccc5,=,0.0662,,=,0.687,
PF-06438825,n1c(nc(cc1C)C)O[C@@H](C(OC)(c2ccccc2)c3ccccc3)C(=O)O,=,0.0697,  Disparate replicates,,,
PF-06811462,Brc1cc(c(cc1)Nc3c(c2ncn(c2cc3C(=O)NOCCO)C)F)F,=,0.0727,,=,0.654,
PF-00579887,Clc1c(cccc1)[C@@H]2C(=C(NC(=C2C(=O)OC)C)COCCN)C(=O)OCC,=,0.0748,,=,1.5,
PF-06780737,Fc1ccc(cc1)CN(C2CCN(CC2)C)C(=O)NCc3ccc(cc3)OCC(C)C,=,0.0796,,,,
PF-06276688,Fc1c2c(ccc1)N=C(N(C2=O)c3ccccc3)[C@@H](Nc4ncnc5[nH]cnc54)CC,=,0.0797,,=,0.545,
PF-00344640,[S@](=O)(Cc1ncc(c(c1C)OC)C)c2[nH]c3c(n2)cc(cc3)OC,=,0.0798,,,,
PF-00345145,S(=O)(=O)(N(CCC)CCC)c1ccc(cc1)C(=O)O,=,0.0807,,=,0.598,
PF-00579911,s1c5c(c(c1-c2ccc(cc2)O)C(=O)c3ccc(cc3)OCCN4CCCCC4)ccc(c5)O,=,0.083975,  Pre-saturation methodPre-saturation method,=,0.790690816,
PF-01527112,N(c1ncnc2c1cc(c(c2)OCCOC)OCCOC)c3cc(ccc3)C#C,=,0.0849,,=,1.1245,
PF-02586636,N1(C[C@@H](CC1)C(c2ccccc2)(c3ccccc3)C(=O)N)CCc4cc5c(cc4)OCC5,=,0.0856,,=,0.602,
PF-01827219,Fc2cc1onc(c1cc2)C3CCN(CC3)CCCOc4c(cc(cc4)C(=O)C)OC,=,0.0868,,,,
PF-02634376,Fc1ccc(cc1)[C@H]2[C@@H](CNCC2)COc3cc4c(cc3)OCO4,=,0.0879,,=,1.045,
PF-05305726,Fc1c(cc(cc1)Nc2ncnc3c2cc(c(c3)O[C@@H]4COCC4)NC(=O)/C=C/CN(C)C)Cl,=,0.088033333,,=,1.383224142,
PF-06737210,Fc2c1nc(n(c1cc(c2)-c3nc(ncc3F)Nc4ncc(cc4)CN5CCN(CC5)CC)C(C)C)C,=,0.089071429,Low recovery in experiment      ,=,0.789498792,% Recovery out of +/-30% range  Compound not at equilibriumCompound not at equilibrium
PF-00344595,Clc1cc(ccc1)N2CCN(CC2)CCCN4N=C3N(C=CC=C3)C4=O,=,0.095,,=,0.659,
PF-00345384,o1c2c(cc1)cc3c(c2OC)OC(=O)C=C3,=,0.10145,Poor analytical sensitivity  ,=,0.701,
PF-00833929,S(=O)(=O)(N)c1c(ccc(c1)C[C@H](NCCOc2c(cccc2)OCC)C)OC,=,0.104,,,,
PF-00344579,N1(CCN(CC1)C(=O)c2occc2)c3nc4c(c(n3)N)cc(c(c4)OC)OC,=,0.109,,=,0.712,
PF-00344542,[N+](=O)([O-])c1ccc(cc1)-c2oc(cc2)/C=N/N3CC(=O)N=C3O,=,0.11,,,,
PF-00344556,FC(F)(F)c1ccc(cc1)O[C@H](CCNC)c2ccccc2,=,0.11,,,,
PF-00344745,S2c1c(cccc1)N(c3c2cccc3)CCCN(C)C,=,0.1115,,=,0.925,
PF-04750365,Clc1c(cc(cc1)[C@@H]2O[C@@H]([C@H]([C@@H]([C@H]2O)O)O)CO)Cc3ccc(cc3)OCC,=,0.113,,,,
PF-06101294,[N+](=O)([O-])c1c(ccc(c1)C(F)(F)F)C(=O)C2C(=O)CCCC2=O,=,0.113,,,,
PF-01677920,N1(CCN(CC1)C)Cc2ccc(cc2)C(=O)Nc3cc(c(cc3)C)Nc4nc(ccn4)-c5cnccc5,=,0.115,,=,0.865,
PF-00335487,Brc1cc(c(cc1)Nc2ncnc3c2cc(c(c3)OCC4CCN(CC4)C)OC)F,=,0.116,,,,
PF-00344598,S(=O)(=O)(N)c1sc(nn1)NC(=O)C,=,0.117,,,,
PF-00344727,[nH]1c(nc2c1ccc(c2)C(=O)c3ccccc3)NC(=O)OC,=,0.117,,=,0.763,
PF-00344569,Clc1cc3c(cc1)CCc2c(cccc2)N3CCCN(C)C,=,0.118,,=,0.847983998,
PF-00296683,N(CCC=C2c1c(cccc1)CCc3c2cccc3)(C)C,=,0.1193,Low recovery in experiment ,=,0.878,
PF-00262192,Fc1cc\2c(cc1)NC(=O)/C2=C\c3[nH]c(c(c3C)C(=O)NCCN(CC)CC)C,=,0.1205,,=,1.23,
PF-01000000,S(=O)(=O)(N1CCN(CC1)C)c2cc(c(cc2)OCC)C4=Nc3c(n(nc3CCC)C)C(=O)N4,=,0.124,,=,0.683333333,
PF-00345095,C64=C1C(=NC2(N1)CCN(CC2)CC(C)C)c3c5c(c(c(c3C4=O)O)C)O[C@@](C5=O)(OC=C[C@@H]([C@H]([C@H]([C@@H]([C@@H]([C@@H]([C@H]([C@@H](C)C=CC=C(C(=O)N6)C)O)C)O)C)OC(=O)C)C)OC)C,=,0.13275,Pre-Saturation Method x5Pre-Saturation Method x10  ,=,0.827,
PF-00248926,Clc1cc3c(cc1)Nc2c(cccc2)C(=N3)N4CCN(CC4)C,=,0.133,,=,0.7935,
PF-00344824,Clc1ccc(cc1)-c2c(nc(nc2CC)N)N,=,0.133,,=,0.711,
PF-00346606,S2c1c(cccc1)N=C(c3c2cccc3)N4CCN(CC4)CCOCCO,=,0.134,,,,
PF-02400225,S(=O)(=O)(N1CCN(CC1)CC)c2cc(c(cc2)OCC)C4=NC(=O)c3n(c(nc3C)CCC)N4,=,0.136,,=,0.782,
PF-07072383,n21c(nc(c1c(ncc2)N)-c3ccc(cc3)C(=O)Nc4ncccc4)[C@H]5N(CCC5)C(=O)C#CC,=,0.137,,=,0.819,
PF-00345101,Clc1c(cccc1)C2=N[C@H](C(=O)Nc3c2cc(cc3)Cl)O,=,0.14,,,,
PF-06676207,FC(F)(F)C(C)(C)c1nccc(c1)-c2sc(nc2C)NC(=O)N3[C@@H](CCC3)C(=O)N,=,0.143333333,,=,1.2,
PF-00344846,Clc2cc1nccc(c1cc2)Nc3cc(c(cc3)O)CN(CC)CC,=,0.1445,,=,1.495,
PF-00344733,N(CCC=C2c1c(cccc1)CCc3c2cccc3)C,=,0.146428571,,=,1.295,
PF-00346634,N(C(C)C)(C(C)C)CC[C@@H](c1c(ccc(c1)C)O)c2ccccc2,=,0.15,,=,0.615,
PF-00579967,s1c(c(cc1)C)C(=CCCN2C[C@@H](CCC2)C(=O)O)c3sccc3C,=,0.153,,=,0.6315,
PF-02669968,N2([C@H](c1c(cccc1)CC2)c3ccccc3)C(=O)O[C@H]4CN5CCC4CC5,=,0.157,,=,0.789,
PF-00344555,Fc1ccc(cc1)C(=O)CCCN2CCC(CC2)(O)c3ccc(cc3)Cl,=,0.1575,,=,0.867,
PF-00345143,N([C@H](CCCN)C)c2c1ncccc1cc(c2)OC,=,0.162,,=,0.64,
PF-00344649,N(C[C@H](O)COc1c(cccc1)C(=O)CCc2ccccc2)CCC,=,0.163,,=,0.6075,
PF-04087759,Clc1ccc(cc1)[C@H](N2CCN(CC2)CCOCC(=O)O)c3ccccc3,=,0.166,,=,0.63,
PF-00579949,Fc1ccc(cc1)-c2nc(nc(c2\C=C\[C@@H](O)C[C@@H](O)CC(=O)O)C(C)C)N(S(=O)(=O)C)C,=,0.168711111,Disparate replicates         ,=,0.576,
PF-00344781,N2(c1c(cccc1)CCc3c2cccc3)CCCNC,=,0.183,,=,1.455,
PF-00345088,S(=O)(=O)(Nc1onc(c1C)C)c2ccc(cc2)N,=,0.184,,=,0.626,
PF-03965244,Clc1sc(cc1)C(=O)NC[C@@H]2OC(=O)N(C2)c3ccc(cc3)N4CCOCC4=O,=,0.19,,=,0.709,
PF-04545030,Fc1ccc(cc1)CNC(=O)C2=C(C(=O)N(C(=N2)C(NC(=O)c3nnc(o3)C)(C)C)C)O,=,0.192,,=,0.652,
PF-00344877,Clc1cc2c(cc1)N=C(NS2(=O)=O)C,=,0.193,,=,0.661,
PF-00344560,N2(c1c(cccc1)CCc3c2cccc3)CCCN(C)C,=,0.196,,=,0.8645,
PF-00249188,N(CCCC(C(C)C)(c1cc(c(cc1)OC)OC)C#N)(CCc2cc(c(cc2)OC)OC)C,=,0.1965,,=,0.665,
PF-06876366,N1(CCN(CC1)C)C2CCN(CC2)c3c(cc(cc3)Nc4nc(c(nc4C(=O)N)CC)NC5CCOCC5)OC,=,0.207,,,,
PF-00344620,N(CC/C=C\2/c1c(cccc1)OCc3c2cccc3)(C)C,=,0.213,,=,0.94,
PF-00297424,N31[C@H](CN(CC1)C)c2c(cccc2)Cc4c3nccc4,=,0.215,Low recovery in experiment,=,0.852,
PF-06648994,S(=O)(=O)(C[C@@H](N2C(=O)c1c(cccc1NC(=O)C)C2=O)c3cc(c(cc3)OC)OCC)C,=,0.2175,,=,0.648,
PF-05236373,N([C@H](CC(c1ccccc1)(c2ccccc2)C(=O)CC)C)(C)C,=,0.223,Pfizer lot added for upload only since Methadone was actually ordered from Sigma lot FE12071601,,,
PF-00346601,N1(CCC(CC1)C[C@@H]3Cc2c(cc(c(c2)OC)OC)C3=O)Cc4ccccc4,=,0.225,,,,
PF-00344577,N1C(C(=O)NC1=O)(c2ccccc2)c3ccccc3,=,0.234,,=,0.78,
PF-05269734,Fc1c(cc(cc1)CC2=NNC(=O)c3c2cccc3)C(=O)N4CCN(CC4)C(=O)C5CC5,=,0.239,,,,
PF-00346488,s1c3c(cc1C)C(=Nc2c(cccc2)N3)N4CCN(CC4)C,=,0.263,,,,
PF-06732777,n2(c1nc(ncc1cc2C(=O)N(C)C)Nc3ncc(cc3)N4CCNCC4)C5CCCC5,=,0.2715,,=,1.135,
PF-00318443,Fc1c(nc(c(c1)F)N)N4c2c(cc(c(c2Cl)N3CC(C3)O)F)C(=O)C(=C4)C(=O)O,=,0.277,,=,0.594,
PF-00930241,[N@@]21[C@@H](C[C@@H]([C@H](C1)C=C)CC2)[C@H](O)c3c4c(ncc3)ccc(c4)OC,=,0.277,,=,0.713,
PF-00344832,N1(CCN(CC1)C(=O)[C@@H]2OCCC2)c3nc4c(c(n3)N)cc(c(c4)OC)OC,=,0.28,,,,
PF-00724076,N(CC[C@@H]1CCc2c1c3c(cc2)OCC3)C(=O)CC,=,0.283,,=,0.697,
PF-01614157,S(=O)(=O)(CCc3cc1c([nH]cc1C[C@@H]2N(CCC2)C)cc3)c4ccccc4,=,0.29,,=,0.764333333,
PF-00345299,O[C@]4([C@@]1([C@H]([C@H]3[C@H]([C@H](C1)O)[C@@]2(C(=CC(=O)C=C2)[C@H](C3)C)C)CC4)C)C(=O)CO,=,0.2925,,=,0.999,
PF-00296693,N(C[C@H](O)COc1c2c(ccc1)cccc2)C(C)C,=,0.3045,,=,0.757103744,
PF-00345423,N1(CCC(CC1)N(c2ccccc2)C(=O)CC)CCc3ccccc3,=,0.308333333,,,,
PF-00345215,F[C@]32[C@H]([C@H]1[C@@]([C@@]([C@@H](C1)C)(O)C(=O)CO)(C[C@@H]2O)C)CCC4=CC(=O)C=C[C@@]43C,=,0.31,,=,0.791333333,
PF-02451794,S1[C@H]2N([C@H](C1(C)C)C(=O)O)C(=O)[C@H]2NC(=O)COc3ccccc3,=,0.322,,=,0.644,
PF-00344619,Cl[C@H]([C@@H](NC(=O)[C@H]1N(C[C@@H](C1)CCC)C)[C@H]2O[C@@H]([C@@H]([C@H]([C@H]2O)O)O)SC)C,=,0.325,,=,0.609,
PF-00344561,Clc1c(cc(cc1)C(=O)NN2[C@H](Cc3c2cccc3)C)S(=O)(=O)N,=,0.329,,=,3.44,
PF-06458595,[nH]1c3c(c(c1C)CCNCc2ccc(cc2)/C=C/C(=O)NO)cccc3,=,0.334,,=,1.73,
PF-00344702,S(=O)(=O)(c1ccc(cc1)N)c2ccc(cc2)N,=,0.337,,=,1.04,
PF-00344656,S(=O)(=O)(Nc1nc(cc(n1)C)C)c2ccc(cc2)N,=,0.34,,,,
PF-00344544,O([C@H]1[C@H](O)[C@@H](N(C)C)C[C@H](O1)C)[C@H]2[C@@](OC)(C)C[C@@H](C)C(=O)[C@H](C)[C@@H](O)[C@]([C@H](OC(=O)[C@@H]([C@H]([C@@H]2C)O[C@H]3C[C@](OC)(C)[C@H]([C@@H](O3)C)O)C)CC)(C)O,=,0.341,,=,0.655,
PF-06944076,Fc1cc3c2c(c1)C(=O)NN=C2[C@@H]([C@H](N3)c4ccc(cc4)F)c5n(ncn5)C,=,0.342,,=,0.866,
PF-00345303,N2(C[C@H](c1c(c(ccc1)N)C2)c3ccccc3)C,=,0.3445,,=,0.822,
PF-00344739,O[C@]4([C@@]3([C@H]([C@H]2[C@@H]([C@@]1(C(=CC(=O)C=C1)CC2)C)C(=O)C3)CC4)C)C(=O)CO,=,0.348,Poor analytical sensitivityPoor analytical sensitivity ,=,0.76,
PF-01332021,n1(c4c(c2c1CCN(C2=O)Cc3[nH]cnc3C)cccc4)C,=,0.35,,=,0.779,
PF-05601436,n1(nc2c(c1)cccc2C(=O)N)-c3ccc(cc3)[C@H]4CNCCC4,=,0.361,,,,
PF-00327962,Fc2cc1onc(c1cc2)C3CCN(CC3)CCC5=C(N=C4N(CCCC4)C5=O)C,=,0.3615,,=,0.5705,
PF-00344583,N21[C@H](C[C@@H]([C@H](C1)C=C)CC2)[C@@H](O)c3c4c(ncc3)ccc(c4)OC,=,0.364583333,,=,0.788,
PF-00344588,S(=O)(=O)(Nc1noc(c1)C)c2ccc(cc2)N,=,0.368,,=,0.689,
PF-06264015,N[C@H]([C@@H](O)C[C@@H](C(C)C)C(=O)NCC(C)(C)C(=O)N)C[C@@H](C(C)C)Cc1cc(c(cc1)OC)OCCCOC,=,0.37,,=,0.835,
PF-00344548,N(C(C)C)(C(C)C)CC[C@](c1ncccc1)(c2ccccc2)C(=O)N,=,0.3715,,=,0.702,
PF-00345196,F[C@]32[C@H]([C@H]1[C@@]([C@@]([C@H](C1)C)(O)C(=O)CO)(C[C@@H]2O)C)CCC4=CC(=O)C=C[C@@]43C,=,0.375,,=,0.922,
PF-00344784,N([C@H]4[C@@H]3[C@H]([C@@H]2[C@H](c1c(c(ccc1)O)C(=O)C2=C([C@@]3(C(=O)C(=C4O)C(=O)N)O)O)C)O)(C)C,=,0.382,,,,Disparate replicates
PF-00344716,Clc1c(c(ccc1)Cl)CC(=O)NC(=N)N,=,0.386,,=,1.2,
PF-00344610,N1(CCN(CC1)c2ncccn2)CCCCN4C(=O)CC3(CCCC3)CC4=O,=,0.3875, high recovery in experiment  ,,,
PF-06463922,Fc1cc4c(cc1)C(=O)N(Cc2nn(c(c2-c3cnc(c(c3)O[C@@H]4C)N)C#N)C)C,=,0.39,,=,1,
PF-00249692,S1[C@H]([C@H](C(=O)N(c2c1cccc2)CCN(C)C)OC(=O)C)c3ccc(cc3)OC,=,0.409,,,,
PF-00344557,O[C@]4([C@@]3([C@H]([C@H]2[C@@H]([C@]1(CCC(=O)C=C1CC2)C)[C@H](C3)O)CC4)C)C(=O)CO,=,0.423,,=,0.799,
PF-00345557,n1(c(ncc1)C)C[C@@H]3CCc2n(c4c(c2C3=O)cccc4)C,=,0.423,,=,0.765,
PF-00345443,S=C1NC(=CC(=O)N1)CCC,=,0.428, Poor analytical sensitivity,=,0.647,
PF-00344786,N1([C@@H](CCC1)C(=O)O)C(=O)[C@@H](N[C@@H](CCc2ccccc2)C(=O)OCC)C,=,0.432,,,,
PF-01072776,Clc1c(cccc1-c2nnc(nc2N)N)Cl,=,0.44,,,,
PF-00345571,Fc1c(nc2c(c1)C(=O)C(=CN2c3c(cc(cc3)F)F)C(=O)O)N5C[C@@H]4[C@@H]([C@H]4N)C5,=,0.441,,=,0.92,
PF-00345624,N1(CCC(CC1)C(O)(c2ccccc2)c3ccccc3)CCC[C@H](O)c4ccc(cc4)C(C)(C)C(=O)O,=,0.444166667,,=,0.805088991,
PF-00344881,[C@@]72([C@@]([C@@H](C1=CC(=O)OC1)CC2)([C@@H](C[C@@H]8[C@@]6([C@@H](C[C@@H](O[C@@H]3O[C@@H]([C@H]([C@H](C3)O)O[C@@H]4O[C@@H]([C@H]([C@H](C4)O)O[C@@H]5O[C@@H]([C@H]([C@H](C5)O)O)C)C)C)CC6)CC[C@H]87)C)O)C)O,=,0.447,,=,1.04,
PF-00344667,Nc2nc1nc(c(nc1c(n2)N)-c3ccccc3)N,=,0.451,,=,1.23,
PF-00345691,S(=O)(=O)(Nc1ccc(cc1)OCCN(CCc2ccc(cc2)NS(=O)(=O)C)C)C,=,0.464,,=,0.854666667,
PF-00346482,n1(ncnc1)C(c2ccc(cc2)C#N)c3ccc(cc3)C#N,=,0.47,,,,
PF-00930000,N1(CCN(CC1)CC(=O)Nc2c(cccc2C)C)C[C@H](O)COc3c(cccc3)OC,=,0.478,,=,0.777,
PF-00345066,N(C[C@H](O)COc1c(cccc1)OCC=C)C(C)C,=,0.49,,,,
PF-04551811,Fc1c(cc2c(c1C)C(=O)C(=CN2C3CC3)C(=O)O)N4C[C@H](NCC4)C,=,0.49,,=,1.32,
PF-00344546,N(CCOC(c1ccccc1)c2ccccc2)(C)C,=,0.4935,Low recovery in experiment ,=,0.965,
PF-00332135,O[C@]4([C@@]1([C@H]([C@H]3[C@H]([C@H](C1)O)[C@@]2(C(=CC(=O)C=C2)CC3)C)CC4)C)C(=O)CO,=,0.494,,=,0.878,
PF-00344535,Clc1ccc(cc1)[C@H](CCN(C)C)c2ncccc2,=,0.494,,=,1.1,
PF-03419979,FC1(CCC(CC1)C(=O)N[C@@H](CCN2[C@@H]3C[C@H](C[C@@H]2CC3)n4c(nnc4C)C(C)C)c5ccccc5)F,=,0.5095,,=,0.72010958,
PF-06708369,n1(c(nc2c1C(=O)N(C(=O)N2C)Cc3nc4c(c(n3)C)cccc4)N5C[C@@H](CCC5)N)CC#CC,=,0.51,,=,0.86,
PF-00988288,Fc1ccc(cc1)[C@@]2(OCc3c2ccc(c3)C#N)CCCN(C)C,=,0.511,,=,1.26,
PF-00346563,N2(c1nccc(c1NC(=O)c3c2nccc3)C)C4CC4,=,0.519,,,,
PF-00344536,[N+](=O)([O-])c1ccc(cc1)[C@@H](O)[C@H](NC(=O)C(Cl)Cl)CO,=,0.522,,,,
PF-00345617,Nc1c3c(nc2c1CCCC2)cccc3,=,0.536,,=,1.92,
PF-04087761,[N+]51([C@@H]2C[C@H](C[C@H]1CC2)OC(=O)C(O)(c3ccccc3)c4ccccc4)CCCC5,=,0.537,,=,0.682,
PF-00344690,Brc1ccc(cc1)[C@H](CCN(C)C)c2ncccc2,=,0.538,,,,
PF-04524477,[nH]2c1ncnc(c1cc2)N([C@@H]3[C@@H](CCN(C3)C(=O)CC#N)C)C,=,0.538,,=,1.166,
PF-02059379,N1(C=C(C=CC1=O)C)c2ccccc2,=,0.546,,,,
PF-00344596,Nc1nc(c(cn1)Cc2cc(c(c(c2)OC)OC)OC)N,=,0.558,,=,1.07,
PF-00344600,N([C@@H](CCC(=O)O)C(=O)O)C(=O)c1ccc(cc1)N(Cc3nc2c(nc(nc2N)N)nc3)C,=,0.559,,=,0.689,
PF-07223216,FC(F)(F)CNC(=O)N1C[C@H]([C@H](C1)c2n3c(nc2)cnc4[nH]ccc43)CC,=,0.559,,=,1.16,
PF-00344809,[nH]1c2c(c(c1C)CC)C(=O)[C@H](CC2)CN3CCOCC3,=,0.586,,,,
PF-00579955,Fc1c(ncnc1)[C@@H]([C@](O)(Cn2ncnc2)c3c(cc(cc3)F)F)C,=,0.586,,=,0.85,
PF-00346240,Clc2c(c1nsnc1cc2)NC3=NCCN3,=,0.588,Poor analytical sensitivity ,,,
PF-06647511,S(=O)(=O)(N1CC(C1)(n2ncc(c2)-c3ncnc4[nH]ccc43)CC#N)CC,=,0.59,,=,1.325,
PF-00345049,FC(F)(F)c1c(cc2c(c1)NCNS2(=O)=O)S(=O)(=O)N,=,0.6,,,,
PF-00345307,S1[C@H]2N([C@H](C1(C)C)C(=O)O)C(=O)[C@H]2NC(=O)Cc3ccccc3,=,0.607,,=,0.69,
PF-00345344,[C@@H]1([C@@H]([C@H](C[C@H](O1)C)N(C)C)O)O[C@@H]2[C@H]([C@@H]([C@H](C(=O)O[C@@H]([C@]([C@@H]([C@H](N(C[C@@H](C[C@]2(O)C)C)C)C)O)(O)C)CC)C)O[C@H]3C[C@]([C@H]([C@@H](O3)C)O)(OC)C)C,=,0.608,,=,1.55,
PF-00345010,s1c(ccc1)CN(CCN(C)C)c2ncccc2,=,0.626,,=,0.742,
PF-00345538,n1(cnc2c1C(=O)N(C(=O)N2C)CCCCC(=O)C)C,=,0.626,,,,
PF-00184033,Fc1c(ccc(c1)N2C[C@@H](OC2=O)CNC(=O)C)N3CCOCC3,=,0.631,,=,0.885,
PF-00344797,N(CC)(CC)CC(=O)Nc1c(cccc1C)C,=,0.632,,=,0.665,
PF-00344792,Clc1c(cc2c(c1)NCNS2(=O)=O)S(=O)(=O)N,=,0.636,,=,2.79,
PF-06180758,n1(nc(c2c1cccc2)C(=O)N[C@@H]3C[C@@H]4N([C@@H](C3)CCC4)C)C,=,0.64,,=,1.08,
PF-00579899,O([C@@H]2[C@@H]1[C@H]([C@H](C=CC1=C[C@H](C2)O)C)CC[C@@H](O)C[C@@H](O)CC(=O)O)C(=O)[C@H](CC)C,=,0.654833333,,=,0.5475,
PF-00344886,Clc2cc1nccc(c1cc2)N[C@H](CCCN(CCO)CC)C,=,0.66,,,,
PF-01372407,N5([C@H]3[C@]4([C@@]1([C@@H](Oc2c1c(ccc2O)C3)C(=O)CC4)CC5)O)CC=C,=,0.668,,=,1.07,
PF-00344618,N([C@H]2CCc1c(c(c(c(c1)OC)OC)OC)C3=CC=C(C(=O)C=C32)OC)C(=O)C,=,0.679,,=,1.12,
PF-01466725,Clc2nc1n(cnc1c(n2)N)[C@@H]3O[C@@H]([C@H](C3)O)CO,=,0.683,,=,1.09,% Recovery out of +/-30% range at T3 only
PF-00344567,[n+]1(c(nc(cc1N)N2CCCCC2)N)[O-],=,0.686,,=,1.14,
PF-04527461,Fc1c(c(ccc1)F)Cn2nnc(c2)C(=O)N,=,0.691,,,,
PF-00346470,N(C[C@@H]1[C@](CCCC1)(O)c2cc(ccc2)OC)(C)C,=,0.71,,,,
PF-00558077,n2(c1nc(nc(c1nc2)NC3CC3)N)[C@@H]4C[C@@H](C=C4)CO,=,0.713,,=,1.21,
PF-00344537,Fc1c(cc2c(c1)C(=O)C(=CN2C3CC3)C(=O)O)N4CCNCC4,=,0.715,,=,1.28, % Recovery out of  +/-30% range
PF-00345485,[nH]1cnc2c1C(=O)N(C(=O)N2C)C,=,0.721333333,Poor analytical sensitivity     ,=,0.688333333,   Theopyilline interference in blank
PF-00345408,N(C[C@H](C1(CCCCC1)O)c2ccc(cc2)OC)(C)C,=,0.7227,,=,1.096666667,
PF-00344553,FC(F)(F)COc1c(cc(cc1)OCC(F)(F)F)C(=O)NC[C@@H]2NCCCC2,=,0.73,,=,1.425,
PF-00344758,N(CCN(Cc1ccccc1)c2ncccc2)(C)C,=,0.733,,,,
PF-01063833,S(=O)(=O)(NC)CCc3cc1c([nH]cc1C2CCN(CC2)C)cc3,=,0.733,,=,1.3,
PF-00344664,s1nc(c(n1)OC[C@@H](O)CNC(C)(C)C)N2CCOCC2,=,0.735333333,,=,0.8305,
PF-01221537,S(=O)(=O)(N1CCCC1)Cc3cc2c([nH]cc2CCN(C)C)cc3,=,0.7395,,=,0.9925,
PF-00345060,N[C@H](COc1c(cccc1C)C)C,=,0.75,,=,1.1,
PF-00344534,S(CC\N=C(\NC)/NC#N)Cc1nc[nH]c1C,=,0.753,,=,0.955,
PF-00345063,N5([C@H]3[C@]4([C@@]1([C@@H](Oc2c1c(ccc2O)C3)C(=O)CC4)CC5)O)CC6CC6,=,0.753,,=,1.285,
PF-01257838,Clc1c(c3c(c(c1)C(=O)NC2CCN(CC2)CCCOC)OCC3)N,=,0.757,,=,1.44,
PF-00344625,S(=O)(=O)(NC(=N)CCSCc1nc(sc1)N=C(N)N)N,=,0.773,,=,0.9975,
PF-00257403,S(=O)(=O)(NC)Cc2cc1c([nH]cc1CCN(C)C)cc2,=,0.777,,=,1.285,
PF-00345007,Clc1c(cc(c(c1)C(=O)NCCN(CC)CC)OC)N,=,0.7785,,=,1.15,
PF-05212375,N(C[C@H](C1(CCCCC1)O)c2ccc(cc2)O)(C)C,=,0.779,,=,1.183333333,
PF-00344677,[N+](=[N-])=N[C@@H]1[C@H](O[C@H](C1)N2C=C(C(=O)NC2=O)C)CO,=,0.78,,,,
PF-00345518,Fc1c3c(cc(c1N2C[C@H](NCC2)C)F)C(=O)C(=CN3CC)C(=O)O,=,0.784,,,,
PF-00274011,N(C[C@H](O)COc1ccc(cc1)CCOC)C(C)C,=,0.786,,=,0.97,
PF-00344601,N[C@@]21C[C@@H]3C[C@H](C1)C[C@H](C2)C3,=,0.790909091,Poor analytical sensitivity          Poor analytical sensitivityPoor analytical sensitivity Poor analytical sensitivity,,,
PF-00579980,Fc1c(c3c2c(c1)C(=O)C(=CN2[C@H](CO3)C)C(=O)O)N4CCN(CC4)C,=,0.791,,=,1.08,
PF-00345565,Fc1c3c(c(c(c1N2C[C@@H](N[C@@H](C2)C)C)F)N)C(=O)C(=CN3C4CC4)C(=O)O,=,0.799,,=,1.25,
PF-00344866,Clc1c(c(ccc1)Cl)N=C2NCCN2,=,0.802,,=,1.29,
PF-00344643,[nH]2c1c(c(ccc1)OC[C@H](O)CNC(C)C)cc2,=,0.8055,,=,1.12,
PF-00346558,[nH]1c2c(c(c1)CCN(C)C)cc(cc2)C[C@@H]3NC(=O)OC3,=,0.823,,=,1.33,
PF-00344906,N([C@H]4[C@@H]3[C@H]([C@@H]2[C@@](c1c(c(ccc1)O)C(=O)C2=C([C@@]3(C(=O)C(=C4O)C(=O)N)O)O)(O)C)O)(C)C,=,0.83,,=,0.811,
PF-00344925,N(C[C@H](O)c1cc(c(cc1)O)CO)C(C)(C)C,=,0.837, Low recovery in experiment ,=,1.185,
PF-03078939,FC(F)(F)c1n2c(nn1)CN(CC2)C(=O)C[C@H](N)Cc3c(cc(c(c3)F)F)F,=,0.837,,=,1.13,
PF-00345503,Fc1c(nc2c(c1)C(=O)C(=CN2CC)C(=O)O)N3CCNCC3,=,0.839,,=,1.24,
PF-01157088,n1(ncnc1)Cc3cc2c([nH]cc2CCN(C)C)cc3,=,0.859,,=,1.24,
PF-00345731,N3(CC[C@]41[C@@H](Oc2c1c(ccc2OC)C3)C[C@H](C=C4)O)C,=,0.865,,=,1.15,
PF-00344576,N(CCNC(=O)c1ccc(cc1)N)(CC)CC,=,0.874,,=,1.105, Disparate replicates 
PF-00344568,[N+](=O)([O-])c1n(c(nc1)C)CCO,=,0.892,Poor analytical sensitivityLow recovery in experiment,,,
PF-01462553,[N+](=O)([O-])\C=C(\NCCSCc1oc(cc1)CN(C)C)/NC,=,0.901333333,,=,1.0268,
PF-00345389,[N+](=O)([O-])/C=C(\NCCSCc1nc(sc1)CN(C)C)/NC,=,0.902,,=,0.915,
PF-00346535,[N+](=O)([O-])c1n(c(nc1)C)CCS(=O)(=O)CC,=,0.914,,=,1.05,
PF-00345508,Fc1c(ccc(c1)F)C(O)(Cn2ncnc2)Cn3ncnc3,=,0.93925,,=,0.978494471,  Disparate replicates
PF-00344852,N(C[C@H](O)COc1ccc(cc1)CC(=O)N)C(C)C,=,0.977,,=,1.132637067,
PF-00344607,n1(cnc2c1C(=O)N(C(=O)N2C)C)C,=,1,,,,Caffeine interference in blank
PF-00345168,N(C)(C)C(=N)NC(=N)N,=,1.052666667,Poor analytical sensitivity   Poor analytical sensitivity,,,Poor analytical sensitivity
PF-04439734,N([C@@H](C)c1cc(ccc1)OC(=O)N(CC)C)(C)C,=,1.12,,=,0.94,
AXL012719,Cl.N(C[C@H]([C@@](OC(=O)CC)(Cc1ccccc1)c2ccccc2)C)(C)C,,,,,,
CAT-774569,N42[C@H](C(=O)O[C@H]([C@@H](C[C@H]1C[C@H]([C@@H](CC1)OCCO)OC)C)CC(=O)[C@@H](C=C([C@H]([C@H](C(=O)[C@@H](C[C@@H](C=CC=CC=C([C@H](C[C@H]3O[C@@](C(=O)C2=O)([C@@H](CC3)C)O)OC)C)C)C)OC)O)C)C)CCCC4,,,,,,
CL-383071,N[C@@H]([C@@H](O)c1ccccc1)C,,,,,,
CL-56871,NC(=O)OCC(COC(=O)N)(C(CC)C)C,,,,,,
GI-525781,FC(F)(F)c1cc(ccc1)Oc3c2c(nc(cc2C)OC)c(cc3OC)NC(CCCN)C,,,,,,
PF-00080665,N1(CCNCC1)c2cnc(cc2)Nc3nc4c(cn3)C(=C(C(=O)N4C5CCCC5)C(=O)C)C,,,,,,
PF-00138642,Fc1cc2c(cc1)[C@@H]([C@@](CC2)(OC(=O)COC)CCN(CCCc3[nH]c4c(n3)cccc4)C)C(C)C,,,,,,
PF-00219084,S1[C@@H](O[C@@H](C1)N2C=CC(=NC2=O)N)CO,,,,,,
PF-00242013,[S@](=O)(C(c1ccccc1)c2ccccc2)CC(=O)N,,,,,,
PF-00248544,Clc1nc(c(nc1N)N)C(=O)NC(=N)N,,,,,,
PF-00248850,[N+](=O)([O-])c1cc(ccc1)[C@@H]2C(=C(NC(=C2C(=O)OCCOC)C)C)C(=O)OC(C)C,,,,,,
PF-00272939,[nH]1nnnc1-c2c(cccc2)-c3ccc(cc3)Cn4c(nc5c4c(ccc5)C(=O)O[C@H](OC(=O)OC6CCCCC6)C)OCC,,,,,,
PF-00299804,Fc1c(cc(cc1)Nc2ncnc3c2cc(c(c3)OC)NC(=O)\C=C\CN4CCCCC4)Cl,,,,,,% Recovery out of  +/-30% range
PF-00314315,Clc1c(c(ccc1OCC(=O)O)C(=O)c2sccc2)Cl,,,,,,
PF-00321567,Clc1c(cccc1)[C@H](N3CCc2sccc2C3)C(=O)OC,,,,,,
PF-00342257,FC(F)(F)[C@]1(OC(=O)Nc2c1cc(cc2)Cl)C#CC3CC3,,,,,,
PF-00344524,N(c1ccc(cc1)O)C(=O)C,,,,,,
PF-00344525,n1(cnc2c1N=C(NC2=O)N)COCCO,,,,,,
PF-00344526,Ic1c(c(cc(c1)C(=O)c2c(oc3c2cccc3)CCCC)I)OCCN(CC)CC,,,,=,0.925,
PF-00344530,Fc1ccc(cc1)Cn2c(nc3c2cccc3)NC4CCN(CC4)CCc5ccc(cc5)OC,,,,,,
PF-00344533,SC[C@@H](C)C(=O)N1[C@@H](CCC1)C(=O)O,,,,,,
PF-00344538,N4(CCC(=C2c1c(cccc1)C=Cc3c2cccc3)CC4)C,,,,,,
PF-00344539,Clc1cc(ccc1)C(=O)[C@H](NC(C)(C)C)C,,,,,,
PF-00344543,Oc1ccc(cc1)/C(=C(\CC)/c2ccc(cc2)O)/CC,,,,,,
PF-00344549,O[C@@]4([C@@]1([C@H]([C@H]3[C@H](CC1)c2c(cc(cc2)O)CC3)CC4)C)C#C,,,,,,
PF-00344551,FC(F)(F)c1cc(ccc1)C[C@H](NCC)C,,,,,,
PF-00344552,O1[C@@H](OC[C@H]2O[C@H]([C@@H]([C@H]([C@@H]21)O)O)O[C@H]3[C@@H]7[C@@H]([C@@H](c4c3cc5c(c4)OCO5)c6cc(c(c(c6)OC)O)OC)C(=O)OC7)C,,,,,,
PF-00344562,N(N)C(=O)c1ccncc1,,,,,,
PF-00344566,N[C@@H](Cc1cc(c(cc1)O)O)C(=O)O,,,,,,
PF-00344570,N1([C@@H](CCC1)C(=O)O)C(=O)[C@@H](N[C@@H](CCc2ccccc2)C(=O)O)CCCCN,,,,,,
PF-00344575,O[C@@]4([C@@]3([C@H]([C@H]2[C@@H]([C@H]1CCC(=O)C=C1CC2)CC3)CC4)C)C#C,,,,,,
PF-00344578,N(c1ccc(cc1)OCC)C(=O)C,,,,,,
PF-00344580,S2c1c(cccc1)N(c3c2cccc3)C[C@H](N(C)C)C,,,,=,0.94,
PF-00344581,N([C@H]([C@@H](O)c1ccccc1)C)C,,,,,,
PF-00344584,n1(nc(nc1)C(=O)N)[C@@H]2O[C@@H]([C@H]([C@H]2O)O)CO,,,,,,
PF-00344589,S([C@H]5[C@H]3[C@H]2[C@@]([C@@]1(OC(=O)CC1)CC2)(CC[C@@H]3[C@]4(CCC(=O)C=C4C5)C)C)C(=O)C,,,,,,
PF-00344590,N(CCOc1ccc(cc1)\C(=C(\CC)/c2ccccc2)\c3ccccc3)(C)C,,,,=,0.618,
PF-00344592,N2(C(=O)c1c(cccc1)C2=O)[C@@H]3CCC(=O)NC3=O,,,,,,
PF-00344593,N1(CCC(CC1)C(O)(c2ccccc2)c3ccccc3)CCC[C@H](O)c4ccc(cc4)C(C)(C)C,,,,,,
PF-00344602,Clc1ccc(cc1)[C@H](CN)CC(=O)O,,,,,,
PF-00344604,Clc1cc3c(cc1)Oc2c(cccc2)N=C3N4CCNCC4,,,,,,
PF-00344605,S1[C@H]2N([C@H](C1(C)C)C(=O)O)C(=O)[C@H]2NC(=O)[C@H](N)c3ccc(cc3)O,,,,,,
PF-00344608,N1([C@@H]2C[C@H](C[C@H]1CC2)OC(c3ccccc3)c4ccccc4)C,,,,,,
PF-00344611,N2(c1c(cccc1)C=Cc3c2cccc3)C(=O)N,,,,,,
PF-00344613,N2c1c(c(ccc1)OC[C@H](O)CNC(C)(C)C)CCC2=O,,,,,,
PF-00344614,N(C(C)C)C(=O)OC[C@](COC(=O)N)(CCC)C,,,,,,
PF-00344616,Clc1c(cc2c(c1)N=CNS2(=O)=O)S(=O)(=O)N,,,,,,
PF-00344617,Clc1ccc(cc1)[C@@H]2S(=O)(=O)CCC(=O)N2C,,,,,,
PF-00344622,P(=O)(O)(O)C(P(=O)(O)O)(O)C,,,,,,
PF-00344626,Fc1c(ccc(c1)[C@H](C)C(=O)O)-c2ccccc2,,,,,,
PF-00344628,Fc1c(cccc1)C2=NCC(=O)N(c3c2cc(cc3)Cl)CCN(CC)CC,,,,,,
PF-00344629,N(O)C(=O)N,,,Poor analytical sensitivity ,,,
PF-00344632,N1(CCCCCCC1)CCNC(=N)N,,,,,,
PF-00344638,Sc1n(ccn1)C,,,Poor analytical sensitivity,,,
PF-00344644,N(Cc1ccccc1)(CC#C)C,,,,,,
PF-00344645,[N+](=O)([O-])c1c(cc2c(c1)N[C@H](CC2)CNC(C)C)CO,,,,,,
PF-00344648,O=C4CC[C@@]3([C@@H]2[C@H]([C@H]1[C@@]([C@H](CC1)C(=O)C)(CC2)C)CCC3=C4)C,,,,,,
PF-00344651,N1C(=O)NC(=O)C(C1=O)([C@H](CCC)C)CC=C,,,,,,
PF-00344653,N([C@@H](Cc1ccccc1)C)(CC#C)C,,,,,,
PF-00344654,O1[C@@H](C[C@H](CC1=O)O)CC[C@@H]3[C@H]2[C@H](C[C@H](C=C2C=C[C@@H]3C)C)OC(=O)C(CC)(C)C,,,Poor Stability,=,0.535,
PF-00344658,S(=O)(=O)(Nc1ncccc1)c2ccc(cc2)\N=N\c3cc(c(cc3)O)C(=O)O,,,,,,
PF-00344659,N(C[C@H](O)c1cc(cc(c1)O)O)C(C)(C)C,,,,,,
PF-00344660,c41c3c(c(c2c1c(c(c(c2O)NC(=O)C(=CC=C[C@@H]([C@@H]([C@H]([C@H]([C@H]([C@@H]([C@@H]([C@H](C=CO[C@@](O3)(C4=O)C)OC)C)OC(=O)C)C)O)C)O)C)C)\C=N/N5CCN(CC5)C)O)O)C,,,Low recovery in experiment,=,0.61,
PF-00344661,Sc1nc(nc2nc[nH]c21)N,,,,,,
PF-00344662,N([C@H]4[C@H]3[C@](C(=C2[C@@H]([C@@](c1c(c(ccc1)O)C2=O)(O)C)C3)O)(C(=O)C(=C4O)C(=O)N)O)(C)C,,,,,,
PF-00344665,S(=O)(=O)(N(C)C)c1cc/3c(cc1)Sc2c(cccc2)\C3=C\CCN4CCN(CC4)C,,,,,,
PF-00344669,FC(F)(F)c1cc3c(cc1)Sc2c(cccc2)N3CCCN(C)C,,,,,,
PF-00344672,N1(CCCC1)C/C=C(/c2ncccc2)\c3ccc(cc3)C,,,,,,
PF-00344676,N(O)C(=O)C,,,,,,
PF-00344679,Clc1ccc(cc1)C(=O)c2n(c(cc2C)CC(=O)O)C,,,,,,
PF-00344680,S(CCC)c2cc1nc([nH]c1cc2)NC(=O)OC,,,,,,
PF-00344681,[nH]1ncc2c1ncnc2O,,,,,,
PF-00344682,Nc1cc(c(cc1)C(=O)O)O,,,,,,
PF-00344689,[N+](=O)([O-])c1ncn(c1Sc2ncnc3[nH]cnc32)C,,,,,,
PF-00344691,[N+](C[C@H](OC(=O)N)C)(C)(C)C,,,,,,
PF-00344700,ClCCN([P@@]1(=O)NCCCO1)CCCl,,,,,,
PF-00344701,S1[C@H]2N([C@H](C1(C)C)C(=O)O)C(=O)[C@H]2NC(=O)C3(CCCCC3)N,,,,,,
PF-00344706,O2c1c(cccc1)C(=C(C2=O)CC4=C(c3c(cccc3)OC4=O)O)O,,,,,,
PF-00344709,S(=O)(=O)(N)c1sc2c(n1)ccc(c2)OCC,,,,,,
PF-00344710,N([C@H](CO)CC)CCN[C@H](CO)CC,,,,,,
PF-00344711,S=C(N)c1cc(ncc1)CC,,,,,,
PF-00344713,[N+](=O)([O-])c1oc(cc1)\C=N\N2CCOC2=O,,,,,,
PF-00344715,FC1=CNC(=O)N=C1N,,,,,,
PF-00344720,[N+](=O)([O-])O[C@@H]2[C@H]1OC[C@H]([C@H]1OC2)O[N+](=O)[O-],,,,,,
PF-00344723,Clc1c(c(ccc1C)Cl)Nc2c(cccc2)C(=O)O,,,,,,
PF-00344724,S(=O)(=O)(N)C1=NN(/C(=N\C(=O)C)/S1)C,,,,,,
PF-00344726,N32CN1CN(CN(C1)C2)C3,,,,,,
PF-00344728,Clc1c(cc2c(c1)N[C@H](N(C2=O)c3c(cccc3)C)C)S(=O)(=O)N,,,,,,
PF-00344729,N2(c1nc(ccc1C(=O)C(=C2)C(=O)O)C)CC,,,,,,
PF-00344730,N[C@](Cc1ccc(cc1)O)(C)C(=O)O,,,,,,
PF-00344731,ClC[C@@H]2N(S(=O)(=O)c1c(cc(c(c1)S(=O)(=O)N)Cl)N2)C,,,,,,
PF-00344732,N([C@H]4[C@H]1[C@](C(=C3[C@H](C1)Cc2c(c(ccc2N(C)C)O)C3=O)O)(C(=O)C(=C4O)C(=O)N)O)(C)C,,,,,,
PF-00344735,N(C[C@H](O)COc1c(cccc1)C2CCCC2)C(C)(C)C,,,,,,
PF-00344737,SC([C@@H](N)C(=O)O)(C)C,,,,,,
PF-00344741,O=C1C(C(=O)c2c1cccc2)c3ccccc3,,,,,,
PF-00344742,N1(CCCC1)CC[C@](O)(C2CCCCC2)c3ccccc3,,,,,,
PF-00344743,NC(=O)c1nccnc1,,,,,,
PF-00344748,S(=O)(=O)(Nc1ncccc1)c2ccc(cc2)N,,,,,,
PF-00344750,s1c(ccc1)C(=O)c2ccc(cc2)[C@H](C)C(=O)O,,,,,,
PF-00344752,Clc1cc2c(cc1)N(C(=O)[C@H](N=C2c3ccccc3)O)C,,,,,,
PF-00344755,s1cnc(c1)-c2[nH]c3c(n2)cccc3,,,,,,
PF-00344757,N(CCNCCN)CCN,,,,,,
PF-00344768,Clc1c(cc2c(c1)N=C(NS2(=O)=O)CSCc3ccccc3)S(=O)(=O)N,,,,,,
PF-00344770,Clc1ccc(cc1)[C@H](OCCN(C)C)c2ncccc2,,,,,,
PF-00344771,S1[C@H]2N(C(=C(C1)C)C(=O)O)C(=O)[C@H]2NC(=O)[C@H](N)c3ccc(cc3)O,,,,,,
PF-00344773,ClC(=C(c1ccc(cc1)OC)c2ccc(cc2)OC)c3ccc(cc3)OC,,,,,,
PF-00344777,Clc2cc1nc(oc1cc2)O,,,,,,
PF-00344785,n1(cnc2c1C(=O)N(C(=O)N2C)C)C[C@H](O)CO,,,,,,
PF-00344789,O[C@H](COc1c(cccc1)OC)CO,,,,,,
PF-00344791,N(C[C@@H]1OC2(OC1)CCCCC2)C(=N)N,,,,,,
PF-00344801,Clc1ccc(cc1)[C@H](N2CCN(CC2)Cc3cc(ccc3)C)c4ccccc4,,,,,,
PF-00344802,O=C2c1c(cccc1)C(=O)C=C2C,,,,,,
PF-00344803,N1(C(=O)[C@](CC1=O)(C)c2ccccc2)C,,,,,,
PF-00344804,S2c1c(cccc1)N(c3c2cccc3)C[C@@H]4CN(CC4)C,,,,,,
PF-00344805,N[C@](Cc1cc(c(cc1)O)O)(C)C(=O)O,,,,,,
PF-00344806,O[C@]4([C@@]3([C@H]([C@H]2[C@@H]([C@@]1(C(=CC(=O)C=C1)CC2)C)C(=O)C3)C[C@@H]4C)C)C(=O)CO,,,,,,
PF-00344807,n1cc(ccc1)C(C)(C)C(=O)c2cnccc2,,,,,,
PF-00344808,ClC(Cl)[C@H](c1c(cccc1)Cl)c2ccc(cc2)Cl,,,,,,
PF-00344811,Fc1c(cc2c(c1)C(=O)C(=CN2CC)C(=O)O)N3CCNCC3,,,,,,
PF-00344812,[N+](=O)([O-])c1oc(cc1)/C=N/N2CC(=O)NC2=O,,,,,,
PF-00344813,N(CCO[C@H](c1c(cccc1)C)c2ccccc2)(C)C,,,,,,
PF-00344816,N(CCc1ccccc1)C(=N)NC(=N)N,,,,,,
PF-00344817,S(C[C@H]1CN([C@H]3[C@H](C1)c4c2c([nH]cc2C3)ccc4)CCC)C,,,,,,
PF-00344818,O2c1c(cccc1)C(=C(C2=O)[C@H](CC)c3ccccc3)O,,,,,,
PF-00344819,O=C2c1c(cccc1)C(=O)C(=C2C\C=C(\CCC[C@@H](CCC[C@@H](CCCC(C)C)C)C)/C)C,,,,,,
PF-00344821,N1(C(=O)[C@H](CC1=O)c2ccccc2)C,,,,,,
PF-00344823,FC(F)(F)CSC[C@@H]2N(S(=O)(=O)c1c(cc(c(c1)S(=O)(=O)N)Cl)N2)C,,,,,,
PF-00344825,S(C(Sc1cc(c(c(c1)C(C)(C)C)O)C(C)(C)C)(C)C)c2cc(c(c(c2)C(C)(C)C)O)C(C)(C)C,,,,,,
PF-00344827,N(CCCC2c1c(cccc1)C=Cc3c2cccc3)C,,,,,,
PF-00344829,Clc1c(cc2c(c1)N[C@H](NC2=O)CC)S(=O)(=O)N,,,,,,
PF-00344830,Fc1cc3c(cc1)/C(=C\c2ccc(cc2)[S@](=O)C)/C(=C3CC(=O)O)C,,,,,,
PF-00344831,S(=O)(=O)(Nc1nc(ccn1)C)c2ccc(cc2)N,,,,,,
PF-00344833,S(=O)(=O)(NC(=O)NN1CCCCCC1)c2ccc(cc2)C,,,,,,
PF-00344835,n1(c(ccc1C(=O)c2ccc(cc2)C)CC(=O)O)C,,,,,,
PF-00344836,ClC(Cl)[C@@H]2NS(=O)(=O)c1c(cc(c(c1)S(=O)(=O)N)Cl)N2,,,,,,
PF-00344840,S2c1c(cccc1)N(c3c2cccc3)C[C@H](CN(C)C)C,,,,,,
PF-00344842,O[C@@H]1[C@@H]3[C@@H]([C@@]2([C@H](C1)C[C@@H](CC2)O)C)CC[C@]4([C@H]3CC[C@@H]4[C@@H](CCC(=O)O)C)C,,,,,,
PF-00344843,N(C[C@H](O)COc1c(cc(cc1)NC(=O)CCC)C(=O)C)C(C)C,,,,,,
PF-00344845,S(=O)(=O)(NC(=O)NC1CCCCC1)c2ccc(cc2)C(=O)C,,,,,,
PF-00344849,S2c1c(cc(cc1)C(=O)C)N(c3c2cccc3)CCCN4CCN(CC4)CCO,,,,,,
PF-00344853,FC(F)(F)c1c(cc2c(c1)N[C@H](NS2(=O)=O)Cc3ccccc3)S(=O)(=O)N,,,,,,
PF-00344855,N4(CCC(=C2c1ncccc1CCc3c2cccc3)CC4)C,,,,,,
PF-00344859,S1[C@H]2N(C(=C(C1)\C=C\C)C(=O)O)C(=O)[C@H]2NC(=O)[C@H](N)c3ccc(cc3)O,,,,,,
PF-00344863,N1(N=C(C(=O)c2c1cc3c(c2)OCO3)C(=O)O)CC,,,,,,
PF-00344864,Clc1c(cc(cc1)[C@@]2(NC(=O)c3c2cccc3)O)S(=O)(=O)N,,,,=,22.1,
PF-00344865,[N+]21(CC(C(CC1)CC2)OC(=O)C(O)(c3ccccc3)c4ccccc4)C,,,,,,
PF-00344868,N(CCC=C2c1c(cccc1)C=Cc3c2cccc3)(C)C,,,,,,
PF-00344870,n1oc5c(c1)C[C@@]4([C@@H]3[C@H]([C@H]2[C@@]([C@](CC2)(O)C#C)(CC3)C)CCC4=C5)C,,,,,,
PF-00344876,N1(CCN(CC1)C(=O)N(CC)CC)C,,,,,,
PF-00344879,N1(CCC(CC1)OC(c2ccccc2)c3ccccc3)C,,,,,,
PF-00344883,[nH]1c4c3c(c1)C[C@H]2N(C[C@@H](C=C2c3ccc4)C(=O)N[C@@]8(O[C@@]5(N([C@H](C(=O)N6[C@H]5CCC6)Cc7ccccc7)C8=O)O)C)C,,,,,,
PF-00344885,[N+](=O)([O-])c1c(cc(cc1)NC(=O)C(C)C)C(F)(F)F,,,,,,
PF-00344892,N(NC(=O)c1noc(c1)C)Cc2ccccc2,,,,,,
PF-00344894,Ic1c(c(cc(c1)C[C@H](N)C(=O)O)I)Oc2cc(c(cc2)O)I,,,,,,
PF-00344897,S(=O)(C)c1cc3c(cc1)Sc2c(cccc2)N3CCC4N(CCCC4)C,,,,,,
PF-00344902,Nc1nc(ccc1\N=N\c2ccccc2)N,,,,,,
PF-00344904,Fc1c(c3c2c(c1)C(=O)C(=CN2[C@H](CO3)C)C(=O)O)N4CCN(CC4)C,,,,,,
PF-00344905,N1(N(C(=O)C(C1=O)CCCC)c2ccccc2)c3ccccc3,,,,,,
PF-00344911,S2c1c(cc(cc1)C(=O)C)N(c3c2cccc3)CCCN4CCC(CC4)CCO,,,,,,
PF-00344912,O[C@@]5([C@@]1([C@H]([C@H]4[C@H](CC1)c2c(cc(cc2)OC3CCCC3)CC4)CC5)C)C#C,,,,,,
PF-00344914,S(=O)(=O)(Nc1ncccn1)c2ccc(cc2)N,,,,,,
PF-00344920,N1(C(=O)OC(C1=O)(C)C)C,,,,,,
PF-00344926,N1C(=O)[C@](CCC1=O)(CC)c2ccc(cc2)N,,,,,,
PF-00344974,Clc1cc/3c(cc1)Sc2c(cccc2)\C3=C\CCN(C)C,,,,,,
PF-00344976,S1[C@H]2N(C(=C(C1)C)C(=O)O)C(=O)[C@H]2NC(=O)[C@H](N)c3ccccc3,,,,,,
PF-00344977,Clc1ccc(cc1)[C@@](OCC[C@@H]2N(CCC2)C)(C)c3ccccc3,,,,,,
PF-00344979,Clc1c4c(c(cc1)O)C(=O)C3=C([C@]2([C@H]([C@@H](C(=C(C2=O)C(=O)N)O)N(C)C)C[C@@H]3[C@@H]4O)O)O,,,,,,
PF-00344981,Clc1c(cc(cc1S(=O)(=O)N)S(=O)(=O)N)Cl,,,,,,
PF-00344984,N(CCO[C@](C)(c1ncccc1)c2ccccc2)(C)C,,,,,,
PF-00344987,O[C@@H]4[C@@]1([C@H]([C@H]3[C@H](CC1)c2c(cc(cc2)O)CC3)CC4)C,,,No detectable peaks in buffer samples,,,
PF-00344988,N1C(=O)[C@](CC1=O)(CC)C,,,,,,
PF-00344991,OC(=O)\C=C(\C)/C=C/C=C(\C)/C=C/C1=C(CCCC1(C)C)C,,,,,,
PF-00344992,N1[C@H](C(=O)N(C1=O)CC)c2ccccc2,,,,,,
PF-00344995,N1([C@H](CNc2nc(nc(c21)O)N)CNc3ccc(cc3)C(=O)N[C@@H](CCC(=O)O)C(=O)O)C=O,,,,,,
PF-00344997,Ic1c(c(cc(c1)C[C@H](N)C(=O)O)I)Oc2cc(c(c(c2)I)O)I,,,,,,
PF-00345003,[N+]1(C[C@H](CCC1)OC(=O)C(O)(c2ccccc2)c3ccccc3)(C)C,,,,,,
PF-00345005,O([C@]4([C@@]3([C@H]([C@H]2[C@@H]([C@]1(CCC(=O)C=C1[C@H](C2)C)C)CC3)CC4)C)C(=O)C)C(=O)C,,,,,,
PF-00345008,N(C[C@H](O)c1cc(cc(c1)O)O)C(C)C,,,,,,
PF-00345009,NC(=O)OC[C@H](O)COc1c(cccc1)OC,,,,,,
PF-00345011,O[C@@]4([C@@]1([C@H]([C@H]3[C@H](CC1)c2c(cc(cc2)OC)CC3)CC4)C)C#C,,,,,,
PF-00345015,N1([C@@H](CCC1)c2cnccc2)C,,,Poor analytical sensitivityPoor analytical sensitivity,=,1.11,
PF-00345017,N(C)(C)c1nc(nc(n1)N(C)C)N(C)C,,,,,,
PF-00345019,N1(N(C(=O)[C@H](C1=O)CCCC)c2ccccc2)c3ccc(cc3)O,,,,,,
PF-00345020,NCCCCCC(=O)O,,,,,,
PF-00345025,Clc1ccc(cc1)S(=O)(=O)NC(=O)NCCC,,,,,,
PF-00345028,n1(cncc1C[C@@H]2[C@@H](C(=O)OC2)CC)C,,,,,,
PF-00345037,S(SC(=S)N(CC)CC)C(=S)N(CC)CC,,,,,,
PF-00345040,[nH]1c3c(c2c1[C@](OCC2)(CC)CC(=O)O)cccc3CC,,,,,,
PF-00345043,NCC1(CCCCC1)CC(=O)O,,,Poor analytical sensitivity,,,Poor analytical sensitivity
PF-00345047,N(N)c1nncc2c1cccc2,,,,,,
PF-00345052,S([C@H]1O[C@@H]([C@@H]([C@@H]([C@H]1O)O)O)[C@H](NC(=O)[C@H]2N(C[C@@H](C2)CCC)C)[C@H](O)C)C,,,,=,0.61,
PF-00345054,ClCCN(CCCl)c1ccc(cc1)C[C@H](N)C(=O)O,,,,,,
PF-00345055,N1[C@](C(=O)N(C1=O)C)(CC)c2ccccc2,,,,,,
PF-00345064,N(C[C@H](O)COc1c2c(ccc1)C[C@H]([C@H](C2)O)O)C(C)(C)C,,,,,,
PF-00345071,N(C[C@H](O)c1cc(ccc1)O)C,,,,,,
PF-00345072,N([C@H](C(C)(C)C)C)\C(=N\C#N)\Nc1ccncc1,,,,,,
PF-00345074,N(N)CCc1ccccc1,,,Poor Stability,,,
PF-00345077,N1CCNCC1,,,,,,
PF-00345078,N41[C@H](CN(CC1=O)C(=O)C2CCCCC2)c3c(cccc3)CC4,,,,,,
PF-00345079,N1CNC(=O)C(C1=O)(CC)c2ccccc2,,,,,,
PF-00345080,[n+]1(cc(ccc1)OC(=O)N(C)C)C,,,,,,Poor analytical sensitivity
PF-00345081,n1c(c(c(c(c1)CO)CO)O)C,,,,,,
PF-00345085,S(=O)(=O)(Nc1sc(nn1)C)c2ccc(cc2)N,,,,,,
PF-00345087,[S@](=O)(CCC1C(=O)N(N(C1=O)c2ccccc2)c3ccccc3)c4ccccc4,,,,,,
PF-00345090,N1(CCCCC1)CC[C@](O)(C2CCCCC2)c3ccccc3,,,,,,
PF-00345091,o1c2c(cc1C)cc3c(c2C)OC(=O)C=C3C,,,,,,
PF-00345098,N1([C@H]3[C@H]([C@@](CC1)(c2c(ccc(c2)O)C3)C)C)CC=C(C)C,,,,,,
PF-00345108,[N+](CC(=O)O)(C)(C)C,,,,,,
PF-00345111,N(N)[C@](Cc1cc(c(cc1)O)O)(C)C(=O)O,,,,,,
PF-00345116,Clc1ccc(cc1)OC(C)(C)C(=O)OCC,,,,,,
PF-00345128,[N+](C(C)C)(C(C)C)(CCC(c1ccccc1)(c2ccccc2)C(=O)N)C,,,,,,
PF-00345131,S2c1c(cc(cc1)NC(=O)OCC)N(c3c2cccc3)C(=O)CCN4CCOCC4,,,,,,
PF-00345133,O[C@@]4([C@@]1([C@H]([C@H]2[C@H](CC1)C3=C(CC2)CC(=O)CC3)CC4)C)C#C,,,,,,
PF-00345138,F[C@H]3C[C@@H]1[C@H]([C@H](C[C@]2([C@H]1C[C@H]([C@]2(O)C(=O)COC(=O)C)C)C)O)[C@@]4(C3=CC(=O)C=C4)C,,,,,,
PF-00345139,N1(C(=O)O[C@](C1=O)(CC)C)C,,,,,,
PF-00345140,N(C(=O)N)C(=O)Cc1ccccc1,,,,,,
PF-00345147,N(NC)Cc1ccc(cc1)C(=O)NC(C)C,,,,,,
PF-00345149,[N+](C(C)C)(C(C)C)(CCOC(=O)C2c1c(cccc1)Oc3c2cccc3)C,,,,,,
PF-00345150,S(=O)(=O)(Nc1ncnc(c1OC)OC)c2ccc(cc2)N,,,,,,
PF-00345151,S(=O)(=O)(Nc1nc(nc(c1)OC)OC)c2ccc(cc2)N,,,,,,
PF-00345156,N[C@H](C)C(=O)Nc1c(cccc1C)C,,,,,,
PF-00345157,FC(F)(F)C1=CN(C(=O)NC1=O)[C@@H]2O[C@@H]([C@H](C2)O)CO,,,,,,
PF-00345159,N(CCOc1ccc(cc1)CNC(=O)c2cc(c(c(c2)OC)OC)OC)(C)C,,,,,,
PF-00345160,ClCCN(CCCl)C1=CNC(=O)NC1=O,,,,,,
PF-00345161,OC(=O)C(CCC)CCC,,,,,,
PF-00345166,Brc1ccc(cc1)[C@H](OCCN(C)C)c2ccccc2,,,,,,
PF-00345185,S1[C@H]2N([C@H](C1(C)C)C(=O)O)C(=O)[C@H]2NC(=O)[C@H](N)c3ccccc3,,,,,,
PF-00345190,O(c1c(cccc1)C(=O)O)C(=O)C,,,,,,
PF-00345191,S1[C@H]2N([C@H](C1(C)C)C(=O)O[C@@H](OC(=O)OCC)C)C(=O)[C@H]2NC(=O)[C@H](N)c3ccccc3,,,,,,
PF-00345213,Brc1ccc(cc1)[C@H](CCN(C)C)c2ncccc2,,,,,,
PF-00345223,O=C4CC[C@]3([C@@H]2[C@H]([C@H]1[C@@]([C@H](CC1)C(=O)C)(CC2)C)C=CC3=C4)C,,,,,,
PF-00345228,S2c1c(cccc1)N(c3c2cccc3)C[C@H](N(CC)CC)C,,,,,,
PF-00345230,O([C@@]4([C@@]3([C@H]([C@H]2[C@@H]([C@H]1CC[C@@H](C=C1CC2)OC(=O)C)CC3)CC4)C)C#C)C(=O)C,,,,,,
PF-00345234,F[C@]32[C@H]([C@H]1[C@@]([C@@](CC1)(O)C(=O)COC(=O)C)(C[C@@H]2O)C)CCC4=CC(=O)CC[C@@]43C,,,,,,
PF-00345245,S1[C@H]2N([C@H](C1(C)C)C(=O)O)C(=O)[C@H]2N3C(N[C@@H](C3=O)c4ccccc4)(C)C,,,,,,
PF-00345246,Clc1ccc(cc1)[C@H](N2CCN(CC2)CCOCCO)c3ccccc3,,,,,,
PF-00345259,N21[C@H](O/C(=C\CO)/[C@@H]1C(=O)O)CC2=O,,,,,,
PF-00345263,Clc1c(cccc1)-c2noc(c2C(=O)N[C@H]4[C@H]3SC([C@@H](N3C4=O)C(=O)O)(C)C)C,,,,,,
PF-00345271,Clc1c(c(ccc1)Cl)-c2noc(c2C(=O)N[C@H]4[C@H]3SC([C@@H](N3C4=O)C(=O)O)(C)C)C,,,,,,
PF-00345282,S1CCN2C[C@@H](N=C21)c3ccccc3,,,,,,
PF-00345284,[N+](C[C@H](O)CC(=O)[O-])(C)(C)C,,,,,,
PF-00345288,N(C[C@@H]([C@](OC(=O)CC)(Cc1ccccc1)c2ccccc2)C)(C)C,,,,,,
PF-00345292,[N+](CCOC(=O)C2c1c(cccc1)Oc3c2cccc3)(CC)(CC)C,,,,,,
PF-00345293,O1[C@@H](C[C@H](CC1=O)O)CC[C@@H]3[C@H]2[C@H](C[C@H](C=C2C=C[C@@H]3C)C)OC(=O)[C@H](CC)C,,,No detectable peaks in buffer samples,,,
PF-00345294,[N+]2([C@@H]3[C@@H]1O[C@@H]1[C@H]2C[C@H](C3)OC(=O)[C@H](CO)c4ccccc4)(C)C,,,,,,
PF-00345295,[nH]1c4c3c(c1)C[C@H]2N(C[C@@H](C=C2c3ccc4)C(=O)N[C@H](CO)CC)C,,,,,,
PF-00345325,S2c1c(cc(cc1)SCC)N(c3c2cccc3)CCCN4CCN(CC4)C,,,,,,
PF-00345335,SC[C@H](NC(=O)C)C(=O)O,,,,,,
PF-00345338,Clc1cc3c(cc1)-n2c(nnc2C)CN=C3c4ccccc4,,,,,,
PF-00345340,N1(CCC(CC1)(c2ccccc2)C(=O)OCC)CCc3ccc(cc3)N,,,,,,
PF-00345343,N(C[C@H](O)COc1ccc(cc1)CCOCC2CC2)C(C)C,,,,,,
PF-00345348,S1[C@H]2N(C(=C(C1)C)C(=O)O)C(=O)[C@H]2NC(=O)[C@H](N)C3=CCC=CC3,,,,,,
PF-00345351,Clc2cc1nccc(c1cc2)N[C@H](CCCN(CC)CC)C,,,,=,3.599889569,                        Compound not at equilibrium                                                                                                                                                                                                                                                                                                                                                                  Positive control failure                   Positive control failure                                                                     Experiment failure at T=3h                                  Disparate replicates at T3 only                                
PF-00345352,[N+](=O)([O-])c1cc2c(cc1)NC(=O)CN=C2c3c(cccc3)Cl,,,,,,
PF-00345354,Clc1cc2c(cc1)NC(=O)[C@H](N=C2c3ccccc3)C(=O)O,,,,,,
PF-00345355,N5([C@H]3[C@H]4[C@@]1([C@@H](Oc2c1c(ccc2OC)C3)[C@H](C=C4)O)CC5)C,,,,,,
PF-00345361,N[C@H](Cc1ccccc1)C,,,,,,
PF-00345362,N5([C@H]3[C@H]4[C@@]1([C@@H](Oc2c1c(ccc2OC)C3)[C@H](CC4)O)CC5)C,,,,,,
PF-00345367,FC(F)(F)CN2c1c(cc(cc1)Cl)C(=NCC2=O)c3ccccc3,,,,,,
PF-00345368,N5([C@H]3[C@H]4[C@@]1([C@@H](Oc2c1c(ccc2OC)C3)C(=O)CC4)CC5)C,,,,,,
PF-00345371,N([C@@H](CC([C@@H](OC(=O)C)CC)(c1ccccc1)c2ccccc2)C)(C)C,,,,,,
PF-00345372,N1([C@H]4[C@H]2[C@](CC1)(CCCC2)c3c(ccc(c3)O)C4)C,,,,,,
PF-00345374,Clc1ccc(cc1)[C@@]3(N2CCN=C2c4c3cccc4)O,,,,,,
PF-00345376,N1(CCC(CC1)(c2ccccc2)C(=O)OCC)C,,,,,,
PF-00345377,NC(=O)OCC(COC(=O)N)(CCC)C,,,,,,
PF-00345379,Sc1ncnc2nc[nH]c21,,,,,,
PF-00345380,Nc1cc(c(cc1)O)C(=O)O,,,,,,
PF-00345381,N([C@H](Cc1ccccc1)C)C,,,,,,
PF-00345387,N5([C@H]3[C@H]4[C@@]1([C@@H](Oc2c1c(ccc2O)C3)[C@H](C=C4)O)CC5)C,,,,,,
PF-00345393,Clc1cc2c(cc1)NC(=O)[C@H](N=C2c3ccccc3)O,,,,,,
PF-00345398,N1[C@H]([C@H](OCC1)c2ccccc2)C,,,,,,
PF-00345401,NC(Cc1ccccc1)(C)C,,,,,,
PF-00345406,N2([C@@H](Cc1c(cccc1)C2)C(=O)O)C(=O)[C@H](N[C@@H](CCc3ccccc3)C(=O)OCC)C,,,,,,
PF-00345418,N1(CCC(CC1)(c2ccccc2)C(=O)OCC)CCC(c3ccccc3)(c4ccccc4)C#N,,,,,,
PF-00345424,N1C(=O)[C@](CCC1=O)(CC)c2ccccc2,,,,,,
PF-00345426,N5([C@H]3[C@H]4[C@@]1([C@@H](Oc2c1c(ccc2O)C3)C(=O)CC4)CC5)C,,,,,,
PF-00345430,N1(C=CC(=NC1=O)N)[C@@H]2O[C@H](CC2)CO,,,Poor analytical sensitivity,,,
PF-00345439,N5([C@H]3[C@]4([C@@]1([C@@H](Oc2c1c(ccc2OC)C3)C(=O)CC4)CC5)O)C,,,,,,
PF-00345441,Clc1cc2c(cc1)N(C(=O)CN=C2c3ccccc3)CC4CC4,,,,,,
PF-00345447,FC(F)(F)CN2c1c(cc(cc1)Cl)C(=NCC2=S)c3c(cccc3)F,,,,,,
PF-00345452,S(=O)(=O)(Nc1sccn1)c2ccc(cc2)N,,,,,,
PF-00345457,Clc1c(cccc1)C3=NCc2n(c(nn2)C)-c4c3cc(cc4)Cl,,,,,,
PF-00345466,S(=O)(=O)(Nc1ccc(cc1)[C@H](O)CNC(C)C)C,,,,,,
PF-00345480,n31c(nc(c1CC(=O)N(C)C)-c2ccc(cc2)C)ccc(c3)C,,,,,,
PF-00345484,NCC(=O)CCC(=O)O,,,,,,
PF-00345488,[N+]1([C@@H]2C[C@@H](C[C@H]1CC2)OC(=O)C(CCC)CCC)(C)C,,,,,,
PF-00345490,S(=O)(=O)(OCCCCOS(=O)(=O)C)C,,,,,,
PF-00345493,C1CCC(=C(C1(C)C)/C=C/C(=C/C=C/C(=C/C=C/C=C(\C)/C=C/C=C(\C)/C=C/C2=C(CCCC2(C)C)C)/C)/C)C,,,,,,
PF-00345496,Clc1c(cccc1)[C@](O)(CCN(C)C)c2ccccc2,,,,,,
PF-00345498,O[C@H]1[C@@H]3[C@@H]([C@@]2([C@H](C1)C[C@@H](CC2)O)C)CC[C@]4([C@H]3CC[C@@H]4[C@@H](CCC(=O)O)C)C,,,,,,
PF-00345499,O4c1c(c(ccc1)OCC(O)COc2c3c(ccc2)OC(=CC3=O)C(=O)O)C(=O)C=C4C(=O)O,,,,,,
PF-00345500,N1(CCCCC1)CCCC(O)(c2ccccc2)c3ccccc3,,,,,,
PF-00345502,NC(=O)OCC(COC(=O)N)c1ccccc1,,,,,,
PF-00345504,P(=O)(O)(O)[C@@H]1O[C@@H]1C,,,,,,
PF-00345505,Clc1ccc(cc1)C(=O)c2ccc(cc2)OC(C)(C)C(=O)OC(C)C,,,,,,
PF-00345506,O[C@H]3CCC(=C)/C(=C\C=C/2\[C@H]1[C@@]([C@H](CC1)[C@H](C)/C=C/[C@@H](C(C)C)C)(CCC2)C)/C3,,,,,,
PF-00345507,N1(CCCCC1)CCOC(=O)c2c3c(ccc2)C(=O)C(=C(O3)c4ccccc4)C,,,,,,
PF-00345511,[C@H]73[C@]1([C@H](OCC1=CC=C[C@@H]([C@@H](C(=CC[C@H]4O[C@]2(O[C@@H]([C@H](CC2)C)[C@H](CC)C)C[C@@H](OC3=O)C4)C)O[C@@H]5O[C@H]([C@@H]([C@H](C5)OC)O[C@@H]6O[C@H]([C@@H]([C@H](C6)OC)O)C)C)C)[C@@H](C(=C7)C)O)O,,,,,,
PF-00345513,FC(F)(F)c1ccc(cc1)NC(=O)c2cnoc2C,,,,,,
PF-00345514,S(=O)(=O)(Nc1n(ncc1)-c2ccccc2)c3ccc(cc3)N,,,,,,
PF-00345521,O[C@H]1[C@H]([C@H](C(=O)C1)CCCCCCC(=O)OC)\C=C\C[C@](O)(CCCC)C,,,,,,
PF-00345522,N(C[C@H](O)c1c(ccc(c1)OC)OC)C(=O)CN,,,,,,
PF-00345525,N1(CCOCC1)CCOC(=O)CC/C(=C/Cc2c(c3c(c(c2OC)C)COC3=O)O)/C,,,,,,
PF-00345526,N2(c1c(cccc1)CCc3c2cccc3)C[C@H](CN(C)C)C,,,,,,
PF-00345527,n1cc(ccc1)C(=O)O,,,,,,
PF-00345531,N1(CCCN=C1COC(=O)[C@](O)(C2CCCCC2)c3ccccc3)C,,,,,,
PF-00345537,ClCCN([C@H](COc1ccccc1)C)Cc2ccccc2,,,,,,
PF-00345542,O(C)c1ccc(cc1)C3C(=O)c2c(cccc2)C3=O,,,,,,
PF-00345544,S(=O)(=O)(Nc1ncc(cn1)OC)c2ccc(cc2)N,,,,,,
PF-00345546,FC(F)(F)c1c(ccc(c1)NC(=O)[C@](O)(CS(=O)(=O)c2ccc(cc2)F)C)C#N,,,,,,
PF-00345549,FC(F)(F)c1nn(c(c1)-c2ccc(cc2)C)-c3ccc(cc3)S(=O)(=O)N,,,,,,
PF-00345552,N1C[C@H](OC1=O)COc2cc(cc(c2)C)C,,,,,,
PF-00345553,S(=O)(=O)(NC(=O)N[C@@H]1CC[C@H](CC1)C)c2ccc(cc2)CCNC(=O)N3CC(=C(C3=O)CC)C,,,,,,
PF-00345554,n1c(oc(c1-c2ccccc2)-c3ccccc3)CCC(=O)O,,,,,,
PF-00345559,BrCCC(=O)N1CCN(CC1)C(=O)CCBr,,,,,,
PF-00345564,S1C2(SCC1)CN([C@@H](C2)C(=O)O)C(=O)[C@@H](N[C@@H](CCc3ccccc3)C(=O)OCC)C,,,,,,
PF-00345567,N1(C=C(C(=O)NC1=O)C)[C@@H]2O[C@@H](C=C2)CO,,,,,,
PF-00345597,N(CCOCCOC(=O)C1(CCCC1)c2ccccc2)(CC)CC,,,,,,
PF-00345606,N(NC(=O)c1ccncc1)CCC(=O)NCc2ccccc2,,,,,,
PF-00345620,NC[C@@H]1CC[C@@H](CC1)C(=O)O,,,,,,
PF-00345623,N[C@H](CCC(=O)O)C=C,,,,,,
PF-00345628,N1([C@@H]2[C@H](C[C@H]1C(=O)O)CCC2)C(=O)[C@@H](N[C@@H](CCc3ccccc3)C(=O)OCC)C,,,,,,
PF-00345629,Clc1ccc(cc1)[C@H](N2CCN(CC2)CCOCC(=O)O)c3ccccc3,,,,,,
PF-00345654,[nH]8c1c7c(ccc1)[C@@H]2[C@H](N(C[C@@H](C2)C(=O)N[C@@]6(O[C@@]3(N([C@H](C(=O)N4[C@H]3CCC4)Cc5ccccc5)C6=O)O)C(C)C)C)Cc7c8,,,,,,
PF-00345664,NC21CC3(CC(C1)(CC(C2)C3)C)C,,,,,,
PF-00345684,n2(c1nc(ncc1nc2)N)CCC(COC(=O)C)COC(=O)C,,,,,,
PF-00345685,n2(c1ncnc(c1nc2)O)[C@@H]3O[C@@H](CC3)CO,,,,,,
PF-00345689,[N+](=O)([O-])c1c(cccc1)[C@@H]2C(=C(NC(=C2C(=O)OC)C)C)C(=O)OCC(C)C,,,,,,
PF-00345699,N[C@H](Cc1ccccc1)C,,,,,,
PF-00345717,S(=O)(=O)(O)CN(C)C1=C(N(N(C1=O)c2ccccc2)C)C,,,,,,
PF-00345729,N2c1ncc(nc1C(=O)N=C2N)CNc3ccc(cc3)C(=O)N[C@@H](CCC(=O)O)C(=O)O,,,,,,
PF-00345735,O[C@@]4([C@@]3([C@H]([C@H]2[C@@H]([C@H]1CCC(=O)C=C1CC2)CC3)CC4)CC)C#C,,,,,,
PF-00345737,S(=O)(=O)(O)CCS,,,,,,
PF-00345739,O[C@@]4([C@@]3([C@H]([C@H]2[C@@H]([C@]1(CCC(=O)C=C1CC2)C)CC3)CC4)C)C,,,,,,
PF-00345742,O(C)c2cc1c(cc(cc1)CCC(=O)C)cc2,,,,,,
PF-00345800,SCCN,,,,,,
PF-00346012,N1([C@@H](CN(CC1)Cc2cnccc2)C(=O)NC(C)(C)C)C[C@@H](O)C[C@@H](Cc3ccccc3)C(=O)N[C@@H]4[C@@H](Cc5c4cccc5)O,,,,,,
PF-00346018,[nH]1c6c(c2c1[C@H](N3[C@H](C2)C(=O)N(CC3=O)C)c4cc5c(cc4)OCO5)cccc6,,,,,,
PF-00346022,[N+](=O)([O-])c1c(cc(cc1)N2C(=O)NC(C2=O)(C)C)C(F)(F)F,,,,,,
PF-00346089,N1(C=CC(=O)NC1=O)[C@@H]2O[C@@H]([C@H]([C@H]2OC(=O)C)OC(=O)C)COC(=O)C,,,,,,
PF-00346098,Clc1ccc(cc1)OC[C@H](O)COC(=O)N,,,,,,
PF-00346100,N1(C(=C(C(=O)C=C1)O)C)C,,,Poor analytical sensitivity,,,
PF-00346105,N1(N=CC(=O)NC1=O)[C@@H]2O[C@@H]([C@H]([C@H]2OC(=O)C)OC(=O)C)COC(=O)C,,,,,,
PF-00346127,Clc1c(cccc1)CN3CCc2sccc2C3,,,,,,
PF-00346227,[N+](=O)([O-])c1n(ccn1)CC(=O)NCc2ccccc2,,,,,,
PF-00346266,Nc1cc(c(cc1)C(=O)Oc2ccccc2)O,,,,,,
PF-00346292,P(=O)(O)(O)C(P(=O)(O)O)(O)CCCN,,,,,,
PF-00346332,[N+](CCNC(=O)C(=O)NCC[N+](CC)(CC)Cc1c(cccc1)Cl)(CC)(CC)Cc2c(cccc2)Cl,,,,,,
PF-00346380,FC(F)(F)c1ccc(cc1)\C(=N\OCCN)\CCCCOC,,,,,,
PF-00346410,O(C)c1c(c(c(c(c1)C)\C=C\C(=C\C=C\C(=C\C(=O)O)\C)\C)C)C,,,,,,
PF-00346413,N(CCCNC(=O)[C@@H]1OCCC1)(C)c2nc3c(c(n2)N)cc(c(c3)OC)OC,,,,,,
PF-00346418,N(C)C(=NCc1ccccc1)NC,,,,,,
PF-00346420,s1c(nc(c1)\C(=N\OCC(=O)O)\C(=O)N[C@H]3[C@H]2SCC(=C(N2C3=O)C(=O)O)C=C)N,,,,,,
PF-00346424,[nH]7c1c6c(ccc1)[C@@H]2[C@H](N(C[C@@H](C2)C(=O)N[C@@]5(O[C@@]3(N([C@H](C(=O)N4[C@H]3CCC4)C(C)C)C5=O)O)C(C)C)C)Cc6c7,,,,,,
PF-00346428,[C@@H]21[C@@]([C@H](OC(=O)[C@@H]([C@H]([C@@H]([C@H]([C@@](C[C@H]([C@@H]([C@@H]1C)N[C@@H](COCCOC)O2)C)(O)C)O[C@H]3[C@@H]([C@@H](N(C)C)C[C@H](O3)C)O)C)O[C@H]4C[C@]([C@H]([C@@H](O4)C)O)(OC)C)C)CC)(O)C,,,,,,
PF-00346430,[C@@H]3([C@H](O[C@@H]1[C@H]([C@@H]([C@H](C(=O)O[C@@H]([C@]([C@@H]([C@H](C(=O)[C@@H](C[C@]1(O)C)C)C)O)(O)C)CC)C)O[C@H]2C[C@]([C@H]([C@@H](O2)C)O)(OC)C)C)O[C@@H](C[C@@H]3N(C)C)C)OC(=O)CCC(=O)OCC,,,,,,
PF-00346433,Clc1c(cccc1[C@@H]2C(=C(NC(=C2C(=O)OC)C)C)C(=O)OCC)Cl,,,,,,
PF-00346437,N4[C@H]3[C@@]([C@@H]2[C@H]([C@H]1[C@@]([C@H](CC1)C(=O)NC(C)(C)C)(CC2)C)CC3)(C=CC4=O)C,,,,,,
PF-00346441,FC(F)(F)c3cc2c1c(c(cc(c1)Cl)Cl)cc(c2cc3)[C@H](O)CCN(CCCC)CCCC,,,,,,
PF-00346452,S2c1c(cccc1)C(c3c2cccc3)C[C@@H]4CN(CCC4)C,,,,,,
PF-00346454,O([C@@]4([C@@]3([C@H]([C@H]2[C@@H]([C@H]1CCC(=O)C=C1CC2)CC3)CC4)C)C#C)C(=O)C,,,,,,
PF-00346459,[nH]1nc5c(c1)C[C@@]4([C@@H]3[C@H]([C@H]2[C@@]([C@](CC2)(O)C)(CC3)C)CC[C@H]4C5)C,,,,,,
PF-00346485,S(=O)(=O)(C)c1ccc(cc1)C2=C(C(=O)OC2)c3ccccc3,,,,,,
PF-00346490,Clc1cc2c(cc1)N(C(=O)CC(=O)N2c3ccccc3)C,,,,,,
PF-00346500,O4C[C@@]3([C@@H]2[C@H]([C@H]1[C@@]([C@](CC1)(O)C)(CC2)C)CC[C@H]3CC4=O)C,,,,,,
PF-00346512,O[C@]4([C@@]1([C@H]([C@H]3[C@H]([C@H](C1)O)[C@@]2(C(=CC(=O)C=C2)CC3)C)CC4)C)C(=O)COC(=O)C,,,,,,
PF-00346528,ClCCN(N=O)C(=O)NC1CCCCC1,,,,,,
PF-00346541,N1(C(=O)NC(=O)C(C1=O)(CC)CC)C,,,,,,
PF-00346543,N1([C@H]([C@@H](OCC1)c2ccccc2)C)C,,,,,,
PF-00346544,N([C@H](Cc1ccccc1)C)(Cc2ccccc2)C,,,,,,
PF-00346545,N1C(=O)NC(=O)C(C1=O)(CC(C)C)CC=C,,,,,,
PF-00346546,O4[C@@]3([C@H]([C@H]2[C@@H]([C@@]1(C(=CC(=O)C=C1)CC2)C)CC3)CCC4=O)C,,,,,,
PF-00346547,F[C@]32[C@H]([C@H]1[C@@]([C@](CC1)(O)C)(C[C@@H]2O)C)CCC4=CC(=O)CC[C@@]43C,,,,,,
PF-00346548,N1C(=O)NC(=O)C(C1=O)([C@H](CC)C)CC,,,,,,
PF-00346551,O[C@@]4([C@@]3([C@H]([C@H]1[C@@H]([C@@]2([C@@H](CC1)CC(=O)/C(=C\O)/C2)C)CC3)CC4)C)C,,,,,,
PF-00346564,n21ncc(c1nccc2-c3cc(ccc3)N(CC)C(=O)C)C#N,,,,,,
PF-00346566,n1(cnc2c1N=C(NC2=O)N)COC(CO)CO,,,,,,
PF-00346572,[N+](=O)([O-])c1n(c(nc1)C)C[C@H](O)C,,,,,,
PF-00346576,FC1=CN(C(=O)N=C1NC(=O)OCCCCC)[C@@H]2O[C@@H]([C@H]([C@H]2O)O)C,,,,,,
PF-00346578,NC1=NC(=O)[C@H](O1)c2ccccc2,,,,,,
PF-00346579,N53Cc2c(nc1c(c(c(cc1)O)CN(C)C)c2)C3=CC4=C(COC(=O)[C@]4(O)CC)C5=O,,,,,,
PF-00346580,ClCC/C(=C(/c1ccc(cc1)OCCN(C)C)\c2ccccc2)/c3ccccc3,,,,,,
PF-00346581,Clc1cc4c(cc1)C(=C2CCN(CC2)C(=O)OCC)c3ncccc3CC4,,,,,,
PF-00346582,N2(c1c(cccc1)CC(=O)c3c2cccc3)C(=O)N,,,,,,
PF-00346583,n1(cnc2c1N=C(NC2=O)N)COCCOC(=O)[C@@H](N)C(C)C,,,,,,
PF-00346585,Clc1ccc(cc1)C2(CCC2)[C@H](N(C)C)CC(C)C,,,,,,
PF-00346586,n1(nnnc1CCCCOc2cc3c(cc2)NC(=O)CC3)C4CCCCC4,,,,,,
PF-00346587,[S@](=O)(Cc1nccc(c1C)OCCCOC)c2[nH]c3c(n2)cccc3,,,,,,
PF-00346588,s1c2c(cc1[C@H](N(O)C(=O)N)C)cccc2,,,,,,
PF-00346589,FC(F)(F)COc1c(c(ncc1)C[S@](=O)c2[nH]c3c(n2)cccc3)C,,,,,,
PF-00346590,n1(ncnc1)Cc2cc(cc(c2)C(C)(C)C#N)C(C)(C)C#N,,,,,,
PF-00346592,Fc1ccc(cc1)[C@@]2(OCc3c2ccc(c3)C#N)CCCN(C)C,,,,,,
PF-00346598,Clc1cc4c(cc1)C(=C2CCNCC2)c3ncccc3CC4,,,,,,
PF-00346605,S(=O)(=O)(N)OC[C@@]31OC(O[C@H]1[C@@H]2OC(O[C@@H]2CO3)(C)C)(C)C,,,,,,
PF-00371245,N1=C(O[C@H]5[C@@]1([C@@]2([C@H]([C@H]4[C@H]([C@H](C2)O)[C@@]3(C(=CC(=O)C=C3)CC4)C)C5)C)C(=O)COC(=O)C)C,,,,,,
PF-00419626,N2c1c(c(ccc1)CCN(CCC)CCC)CC2=O,,,,,,
PF-00514723,N(CC[C@@H](Oc1c(cccc1)C)c2ccccc2)C,,,,=,0.56,
PF-00558824,FC(F)(F)c1cnc(cc1)S(=O)(=O)Nc2cc(ccc2)[C@@H](CC)C3=C(C[C@@](OC3=O)(CCC)CCc4ccccc4)O,,,,,,
PF-00569806,N(CC)(CC)C(=O)[C@@]1([C@@H](C1)CN)c2ccccc2,,,,,,
PF-00579879,ClC3=C(N1[C@@H]([C@@H](C1=O)NC(=O)[C@H](N)c2ccccc2)CC3)C(=O)O,,,,,,
PF-00579880,ClC1=C(N2[C@H](SC1)[C@@H](C2=O)NC(=O)[C@H](N)c3ccccc3)C(=O)O,,,,,,
PF-00579886,N(C[C@H](O)COc1ccc(cc1)COCCOC(C)C)C(C)C,,,,,,
PF-00579889,N2(c1c(cccc1)CC[C@@H](C2=O)N[C@@H](CCc3ccccc3)C(=O)OCC)CC(=O)O,,,,,,
PF-00579898,S1[C@H](C(=O)NC1=O)Cc2ccc(cc2)OC[C@@]4(Oc3c(c(c(c(c3C)C)O)C)CC4)C,,,No detectable peaks in buffer samples,,,
PF-00579903,P(=O)(Oc1c2c(c(cc1C)OP(=O)(O)O)cccc2)(O)O,,,,,,
PF-00579905,FC(F)(F)CNC(=O)C2(c1c(cccc1)-c3c2cccc3)CCCCN4CCC(CC4)NC(=O)c5c(cccc5)-c6ccc(cc6)C(F)(F)F,,,,,,
PF-00579913,[S@@](=O)(Cc1ncc(c(c1C)OC)C)c2[nH]c3c(n2)cc(cc3)OC,,,,,,Poor analytical sensitivity
PF-00579918,[nH]1c6c(c5c1[C@@H]4N(C[C@@H]2[C@@H]([C@@H]([C@H]([C@@H](C2)OC(=O)\C=C\c3cc(c(c(c3)OC)OC)OC)OC)C(=O)OC)C4)CC5)ccc(c6)OC,,,,,,
PF-00579919,NC(C21CC3CC(C1)CC(C2)C3)C,,,,,,
PF-00579921,P(=O)(O)(O)C(P(=O)(O)O)(O)Cc1cnccc1,,,,,,
PF-00579922,n21cnc(c1N=NN(C2=O)C)C(=O)N,,,,,,
PF-00579924,c41c3c(c(c2c1c(c(c(c2O)NC(=O)C(=CC=C[C@@H]([C@@H]([C@H]([C@H]([C@H]([C@@H]([C@@H]([C@H](C=CO[C@@](O3)(C4=O)C)OC)C)OC(=O)C)C)O)C)O)C)C)\C=N/N5CCN(CC5)C6CCCC6)O)O)C,,,,,,
PF-00579926,Clc1ccc(cc1)[C@H](N2CCN(CC2)Cc3ccc(cc3)C(C)(C)C)c4ccccc4,,,,,,
PF-00579927,N(Cc1c2c(ccc1)cccc2)(C/C=C/C#CC(C)(C)C)C,,,,,,
PF-00579937,P(=O)(OCC(=O)[C@@]4([C@@]1([C@H]([C@H]3[C@H]([C@H](C1)O)[C@@]2(C(=CC(=O)C=C2)CC3)C)CC4)C)O)(O)O,,,,,,
PF-00579941,N1([C@@H]2[C@H](C[C@H]1C(=O)O)CCCC2)C(=O)[C@@H](N[C@@H](CCC)C(=O)OCC)C,,,,,,
PF-00579943,FC(F)(F)c1cc(ccc1)C[C@@H](NCC)C,,,,,,
PF-00579952,Fc1c(c(c2c(c1)C(=O)C(=CN2C3CC3)C(=O)O)OC)N4C[C@H](NCC4)C,,,,,,
PF-00579958,O1O[C@@]32[C@H]4O[C@]1(CC[C@H]2[C@@H](CC[C@H]3[C@H]([C@H](O4)OC)C)C)C,,,,,,
PF-00579960,s1c(nc(c1)\C(=N\OC)\C(=O)N[C@H]3[C@H]2SCC(=C(N2C3=O)C(=O)O[C@@H](OC(=O)OC(C)C)C)COC)N,,,,,,
PF-00579961,P(=O)(OCOC(=O)C(C)(C)C)(OCOC(=O)C(C)(C)C)COCCn2c1ncnc(c1nc2)N,,,,,,
PF-00579963,S(=O)(=O)(N(C[C@@H](O)[C@@H](NC(=O)O[C@@H]1COCC1)Cc2ccccc2)CC(C)C)c3ccc(cc3)N,,,,,,
PF-00579971,N1([C@@H]([C@H]([C@@H]([C@H](C1)O)O)O)CO)CCO,,,,,,
PF-00579972,ClC3=C[C@H]2[C@H]1[C@@]([C@@](CC1)(OC(=O)C)C(=O)C)(CC[C@@H]2[C@]4(CCC(=O)C=C43)C)C,,,,,,
PF-00596729,S(=O)(=O)(Nc4cc1c([nH]c(c1)C(=O)N2CCN(CC2)c3ncccc3NC(C)C)cc4)C,,,,,,
PF-00596733,Clc1ccc(cc1)SC(P(=O)(O)O)P(=O)(O)O,,,,,,
PF-00625952,n1(c4c3c(c1)C[C@H]2N(C[C@@H](C=C2c3ccc4)C(=O)N[C@H](CO)CC)C)C,,,,,,
PF-00695838,N(C(C)C)(C(C)C)CC[C@@H](c1c(ccc(c1)CO)OC(=O)C(C)C)c2ccccc2,,,,,,
PF-00757796,Fc1c(ccc(c1)[C@H]2[C@@H](C2)Nc3nc(nc4n(nnc43)[C@H]5[C@@H]([C@@H]([C@H](C5)OCCO)O)O)SCCC)F,,,,,,
PF-00797664,FC(F)(F)c1cc(ccc1)N2CCN(CC2)CCN4c3c(cccc3)NC4=O,,,,,,
PF-00798716,[N+](=O)([O-])O[C@H]2[C@H]1OC[C@@H]([C@H]1OC2)O,,,,,,
PF-00835111,O[C@@]4([C@@]3([C@H]([C@H]2[C@@H]([C@H]1CCCC=C1CC2)CC3)CC4)C)CC,,,,,,
PF-00835115,Fc1c(c(c2c(c1)C(=O)C(=CN2C3CC3)C(=O)O)OC)N5C[C@H]4NCCC[C@H]4C5,,,,=,1.55,
PF-00835121,O=C4[C@@]3([C@H]([C@H]2[C@@H]([C@@]1(C(=CC(=O)C=C1)C(=C)C2)C)CC3)CC4)C,,,,,,
PF-00835135,C1(=O)[C@@]4(O[C@H](C[C@@H](C(=CC=CC=C[C@H](C[C@H](C(=O)[C@@H]([C@@H](C(=C[C@H](C(=O)C[C@H](OC(=O)[C@H]2N(C1=O)CCCC2)[C@@H](C[C@H]3C[C@H]([C@@H](CC3)O)OC)C)C)C)O)OC)C)C)C)OC)CC[C@H]4C)O,,,Low recovery in experiment,=,2.2825,Disparate replicates  
PF-00835592,Fc1ccc(cc1)N2[C@@H]([C@H](C2=O)CC[C@H](O)c3ccc(cc3)F)c4ccc(cc4)O,,,,,,
PF-00929746,Brc1[nH]c4c3c1C[C@H]2N(C[C@@H](C=C2c3ccc4)C(=O)N[C@@]7(O[C@@]5(N([C@H](C(=O)N6[C@H]5CCC6)CC(C)C)C7=O)O)C(C)C)C,,,,,,
PF-00932448,O[C@]4([C@@]3([C@H]([C@H]2[C@@H]([C@]1(CCC(=O)C=C1CC2)C)C(=O)C3)CC4)C)C(=O)COC(=O)C,,,,,,
PF-00998508,N(O)C(=O)CCCCCCC(=O)Nc1ccccc1,,,,,,
PF-01000876,Oc1c3c(ccc1)C(=O)c2c(c(ccc2)O)C3=O,,,,,,
PF-01003138,Clc1ccc(cc1)CC(N)(C)C,,,,,,
PF-01008352,Clc1c(c(ccc1)Cl)/C=N/NC(=N)N,,,,,,
PF-01013423,NC(=N)N,,,,,,
PF-01014318,Clc1ccc(cc1)N3c2c(cccc2)N=C4C3=C/C(=N\C(C)C)/C(=C4)Nc5ccc(cc5)Cl,,,,,,
PF-01018594,OCCCC(=O)O,,,,,,
PF-01035610,N1(CCC(CC1)(c2ccccc2)C(=O)O)CCC(c3ccccc3)(c4ccccc4)C#N,,,,,,
PF-01039536,Clc1c(cccc1Oc3c(cc2[nH]c(nc2c3)SC)Cl)Cl,,,,,,
PF-01048302,N1(N(C(=O)C(=C1C)N(C)C)c2ccccc2)C,,,,,,
PF-01049030,S(=O)(=O)(N)Cc1noc2c1cccc2,,,,,,
PF-01049535,N1(CCCC1)C\C=C(\c2nc(ccc2)/C=C/C(=O)O)/c3ccc(cc3)C,,,,,,
PF-01064143,OC(=O)\C=C(/C)\C=C\C=C(/C)\C=C\C1=C(CCCC1(C)C)C,,,,,,
PF-01247242,N[C@H]1[C@@H](C1)c2ccccc2,,,,,,
PF-01266468,N1([C@H](C(=O)N[C@@H](C(=O)NCC(=O)N)CCCNC(=N)N)CCC1)C(=O)[C@H]3NC(=O)[C@@H](NC(=O)[C@@H](NC(=O)[C@H](Cc2ccccc2)NC(=O)[C@@H](NC(=O)CCSSC3)Cc4ccc(cc4)O)CCC(=O)N)CC(=O)N,,,,,,
PF-01281634,Brc1c(nc(nc1Oc2c(cc(cc2C)C#N)C)Nc3ccc(cc3)C#N)N,,,,,,
PF-01322543,O2Cc1c(c(c(c(c1C)OC)C/C=C(/CCC(=O)O)\C)O)C2=O,,,,,,
PF-01364636,OC(=O)CCCc1ccccc1,,,,,,
PF-01367338,Fc2cc1[nH]c(c3c1c(c2)C(=O)NCC3)-c4ccc(cc4)CNC,,,,,,
PF-01369715,N(Cc1ccc(cc1)-c2ccccn2)(C[C@@H]([C@H](Cc3ccccc3)NC(=O)[C@@H](NC(=O)OC)C(C)(C)C)O)NC(=O)[C@@H](NC(=O)OC)C(C)(C)C,,,,,,
PF-01369926,N1(CCCNC1=O)[C@@H](C(C)C)C(=O)N[C@H](C[C@H](O)[C@@H](NC(=O)COc2c(cccc2C)C)Cc3ccccc3)Cc4ccccc4,,,,,,
PF-01386485,N[C@@H](CCC(=O)N)C(=O)O,,,,,,
PF-01388201,Clc1ccc(cc1)NC(=N)NC(=N)NC(C)C,,,,,,
PF-01418866,ClC(Cl)(Cl)COP(=O)(O)O,,,,,,
PF-01421294,Cl/C(=C(\c1ccc(cc1)OCCN(CC)CC)/c2ccccc2)/c3ccccc3,,,,,,
PF-01422300,[N+](=O)([O-])c1sc(nc1)NC(=O)c2c(cccc2)OC(=O)C,,,,,,
PF-01441744,NC(=O)OC1(CCCCC1)C#C,,,,,,
PF-01448103,Nc1cnccc1N,,,,,,
PF-01450218,O(C)c1c(c(c(c(c1)C)/C=C/C(=C/C=C/C(=C/C(=O)OCC)/C)/C)C)C,,,,,,
PF-01451585,[2H]c1cnccc1N,,,,,,
PF-01458096,Clc1cc3c(cc1)-n2c(nnc2)CN=C3c4ccccc4,,,,,,
PF-01462546,S(=O)(=O)(N(c1onc(c1C)C)C(=O)C)c2ccc(cc2)N,,,,,,
PF-01469713,NC[C@@H](CC(C)C)CC(=O)O,,,,,,
PF-01482451,OC(=O)c1ccc(cc1)C(=C)c2c(cc3c(c2)C(CCC3(C)C)(C)C)C,,,,,,
PF-01484535,FC(F)(F)c1ccc(cc1)NC(=O)/C(=C(\O)/C)/C#N,,,,,,
PF-01486069,O(C)C(=O)\C=C\C(=O)OC,,,,,,
PF-01492448,S(=O)(=O)(O)CCCNC(=O)C,,,,,,
PF-01507060,[nH]1c6c(c5c1[C@@H]4N(C[C@@H]2[C@@H]([C@@H]([C@H]([C@@H](C2)OC(=O)c3cc(c(c(c3)OC)OC)OC)OC)C(=O)OC)C4)CC5)cccc6,,,,,,
PF-01554086,FC(F)(F)c1cc(cc(c1)C(F)(F)F)[C@H](O[C@H]2OCCN([C@H]2c3ccc(cc3)F)CC4=NNC(=O)N4)C,,,,,,
PF-01690925,S2c1c(cc(cc1)C(=O)CC)N(c3c2cccc3)CCCN4CCN(CC4)CCO,,,,,,
PF-01690927,Clc1cc3c(cc1)Sc2c(cccc2)N3CCCN4CCC(CC4)C(=O)N,,,,,,
PF-01738746,P(=O)(O)(O)C(P(=O)(O)O)(O)CCN(CCCCC)C,,,,,,
PF-01945559,NC(CO)(CO)CCc1ccc(cc1)CCCCCCCC,,,,,,
PF-02299109,O1[C@@H](O[C@H]5[C@@]1([C@@]2([C@H]([C@H]4[C@H]([C@H](C2)O)[C@@]3(C(=CC(=O)C=C3)CC4)C)C5)C)C(=O)CO)CCC,,,,,,
PF-02299130,Clc1c(cc2c(c1)NC(NS2(=O)=O)C3C4CC(C3)C=C4)S(=O)(=O)N,,,,,,
PF-02299185,N([C@H](CCc1ccccc1)C)C[C@H](O)c2cc(c(cc2)O)C(=O)N,,,,=,1.164058028,
PF-02314482,s1c(nc2c1C[C@H](CC2)NCCC)N,,,,,,
PF-02400182,O[C@@H]3[C@]4([C@H]([C@H]1[C@@H]([C@@]2([C@H](C[C@H]1O)C[C@@H](CC2)O)C)C3)CC[C@@H]4[C@@H](CCC(=O)O)C)C,,,,,,
PF-02400190,O[C@@]4([C@@]3([C@H]([C@H]2[C@@H]([C@H]1CCCC=C1CC2)C(=C)C3)CC4)CC)C#C,,,,,,
PF-02400222,Clc1c(c(ccc1)Cl)O[C@H](C)C2=NCCN2,,,,,,
PF-02433972,[nH]1c5c(c(c1)C(=O)OC4CC2N3C(CC(C2)C(=O)C3)C4)cccc5,,,,,,
PF-02434000,N1(CCCC1=O)[C@@H](CC)C(=O)N,,,,,,
PF-02449415,Fc1cc(ccc1)COc2ccc(cc2)CN[C@@H](C)C(=O)N,,,,,,
PF-02450388,N1([C@@H]4[C@@H]2[C@@](CC1)(CCCC2)c3c(ccc(c3)OC)C4)C,,,,,,
PF-02543547,Fc1ccc(cc1)CNc2cc(c(cc2)NC(=O)OCC)N,,,,,,
PF-02560709,N1(C=C(C(=O)NC1=O)C)[C@H]2O[C@H]([C@@H](C2)O)CO,,,,,,
PF-02592014,Ic1c(c(cc(c1)C[C@@H](N)C(=O)O)I)Oc2cc(c(c(c2)I)O)I,,,,,,
PF-02730598,n73c2c1n(c6c(c1c5c(c2c4c3cccc4)CNC5=O)cccc6)[C@@H]8O[C@]7([C@@H]([C@@H](C8)N(C)C(=O)c9ccccc9)OC)C,,,,,,
PF-02768590,FC(F)(F)c1c(cc(cc1)C(F)(F)F)NC(=O)[C@@H]5[C@@]4([C@H]([C@H]3[C@@H]([C@@]2([C@H](NC(=O)C=C2)CC3)C)CC4)CC5)C,,,,,,
PF-02769433,[nH]4c1c3c(ccc1)[C@@H]2[C@H](N(C[C@@H](C2)C(=O)N(CCCN(C)C)C(=O)NCC)CC=C)Cc3c4,,,,,,
PF-02784135,ClCCN(CCCl)C(=O)Oc1cc4c(cc1)[C@@H]3[C@H]([C@H]2[C@@]([C@H](CC2)OP(=O)(O)O)(CC3)C)CC4,,,,,,
PF-02837115,N1([C@@H]([C@H]([C@@H]([C@H](C1)O)O)O)CO)CCCC,,,,,,
PF-02840182,N1[C@@H]([C@@H]([C@@H]([C@H](C1)O)O)O)CO,,,,,,
PF-02845980,O1[C@@]54[C@H]1C[C@@]3([C@@]2(OC(=O)CC2)CC[C@H]3[C@@H]4[C@@H](CC6=CC(=O)CC[C@@]65C)C(=O)OC)C,,,,=,0.81,
PF-02885465,O[C@@]4([C@@]3([C@H]([C@H]2[C@@H]([C@@]1(C(=CC(=O)C=C1)CC2)C)CC3)CC4)C)C,,,,,,
PF-02885642,N5([C@H]3[C@]4([C@@]1([C@@H](Oc2c1c(ccc2O)C3)C(=O)CC4)CC5)O)C,,,,,,
PF-02904255,S1[C@H]2N(C(=C(C1)COC(=O)C)C(=O)O)C(=O)[C@H]2NC(=O)[C@H](N)c3ccccc3,,,,,,
PF-02919947,N(C3=C(c1c(c(c(cc1)O[C@@H]2OC([C@@H]([C@H]([C@H]2O)OC(=O)N)OC)(C)C)C)OC3=O)O)C(=O)c4cc(c(cc4)O)CC=C(C)C,,,,,,
PF-03322295,N3(N=C(\C(=N\Nc1c(c(ccc1)-c2cc(ccc2)C(=O)O)O)\C3=O)C)c4cc(c(cc4)C)C,,,,,,
PF-03335885,N1(C[C@@H](CC1=O)CCC)[C@@H](CC)C(=O)N,,,,,,
PF-03430574,N1C[C@@H]2C[C@H](C1)c4c2cc3nccnc3c4,,,,,,
PF-03436659,N2([C@H](C(=O)N[C@H](C(=O)C(=O)NC1CC1)CCC)[C@@H]3[C@H](C2)CCC3)C(=O)[C@@H](NC(=O)[C@@H](NC(=O)c4cnccn4)C5CCCCC5)C(C)(C)C,,,,,,
PF-03442961,Fc1c(cccc1)[C@H](N3CCc2sc(cc2C3)OC(=O)C)C(=O)C4CC4,,,,,,
PF-03511221,[n+]1(c(cccc1)C=NO)C,,,,,,
PF-03609190,Clc1cc2c(cc1)CCNC[C@@H]2C,,,,,,
PF-03730648,Clc1csc(c1)-c2nc(sc2N3CCN(CC3)C4CCCCC4)NC(=O)c5cnc(c(c5)Cl)N6CCC(CC6)C(=O)O,,,,,,
PF-03732988,Clc3cc1c([nH]c2c1ccc(c2)[C@H](C)C(=O)O)cc3,,,,,,
PF-04073583,N#CC5=C([C@H]1O[C@]41[C@@]([C@@H]3[C@H]([C@H]2[C@@]([C@H](CC2)O)(CC3)C)CC4)(C5)C)O,,,,,,
PF-04087752,[C@@]41([C@H](N(C(=O)O1)CCCCn2cc(nc2)-c3cnccc3)[C@H](C(=O)[C@@H](C[C@]([C@@H]([C@H](C(=O)[C@H](C(=O)O[C@@H]4CC)C)C)O[C@H]5[C@@H]([C@H](C[C@H](O5)C)N(C)C)O)(OC)C)C)C)C,,,,,,
PF-04087758,N21C[C@H](C(CC1)CC2)N5C[C@H]3CCCc4c3c(ccc4)C5=O,,,,,,
PF-04087763,O1COc2c1cc(cc2)\C=C\[C@H](O)C(C)(C)C,,,,,,
PF-04087772,Clc1ccc(cc1)C[C@](O)(c2ccc(cc2)OCCN(CC)CC)c3ccc(cc3)C,,,,,,
PF-04087773,N1([C@@H]2[C@@H](C[C@H]1C(=O)O)CCCC2)C(=O)[C@@H](N[C@@H](CCc3ccccc3)C(=O)OCC)C,,,,,,
PF-04119294,N1(C[C@@H]([C@@](CC1)(C)c2cc(ccc2)O)C)C[C@H](Cc3ccccc3)C(=O)NCC(=O)O,,,,,,
PF-04122714,N1[C@H](CCCC1)[C@@H](c2ccccc2)C(=O)OC,,,,,,
PF-04131598,FC(F)(F)c1nc3c(c(c1)[C@H](O)[C@@H]2NCCCC2)cccc3C(F)(F)F,,,,,,
PF-04217801,O[C@]4([C@@]3([C@H]([C@H]2[C@@H]([C@]1(CCC(=O)C=C1CC2)C)[C@H](C3)O)CC4)C)C(=O)COC(=O)CCC5CCCC5,,,,,,
PF-04269440,Fc1c(cccc1Cc2c(cc3c(c2)C(=O)C(=CN3[C@H](CO)C(C)C)C(=O)O)OC)Cl,,,,,,
PF-04270616,Clc1c2c(c(cc1OC)OC)C(=O)[C@@]3(O2)[C@H](CC(=O)C=C3OC)C,,,,,,
PF-04275592,s1c(nc(c1)CC(=O)Nc2ccc(cc2)CCNC[C@H](O)c3ccccc3)N,,,,=,1.33,% Recovery out of +/-30% range at T3 only
PF-04440269,N([C@@H]1[C@H](CC(=C[C@H]1OC(CC)CC)C(=O)OCC)N)C(=O)C,,,,,,
PF-04440270,S1[C@@H](O[C@@]2(C1)CN3CCC2CC3)C,,,,,,
PF-04440702,O2C([C@H]1[C@@H](CC(=O)CC1)c3c2cc(cc3O)C(CCCCCC)(C)C)(C)C,,,,,,
PF-04440810,O7[C@@]5([C@@]4([C@H]([C@H]2[C@@H]([C@]1(CCC(=O)C=C1[C@H]3[C@@H]2C3)C)CC4)[C@H]6[C@@H]5C6)C)CCC7=O,,,,,,
PF-04448885,N([C@H](COC)C(=O)NCc1ccccc1)C(=O)C,,,,,,
PF-04449913,[nH]1c(nc2c1cccc2)[C@@H]3N(CC[C@H](C3)NC(=O)Nc4ccc(cc4)C#N)C,,,,,,
PF-04473913,Clc1ccc(cc1)CCCOCCCN2CCCCC2,,,,,,
PF-04571508,Clc1c(c(ccc1)C)NC(=O)c2sc(nc2)Nc3nc(nc(c3)N4CCN(CC4)CCO)C,,,,,,
PF-04586491,N1([C@@H]([C@@H]2[C@H](C1)C2(C)C)C(=O)N[C@H](CC3CCC3)C(=O)C(=O)N)C(=O)[C@@H](NC(=O)NC(C)(C)C)C(C)(C)C,,,,,,
PF-04652577,n1(nc(c2c1C(=O)N(CC2)c3ccc(cc3)N4CCCCC4=O)C(=O)N)-c5ccc(cc5)OC,,,,,,
PF-04732403,Clc1c(cc(cc1)[C@@H]2O[C@@H]([C@H]([C@@H]([C@H]2O)O)O)CO)Cc3ccc(cc3)O[C@@H]4COCC4,,,,,,
PF-04746628,N(c1nc(ccn1)Nc2c(cc(cc2C)/C=C/C#N)C)c3ccc(cc3)C#N,,,,,,
PF-04767949,Clc1ccc(cc1)CCC2N(CCc3c2cc(c(c3)OC)OC)C,,,,,,
PF-04769725,N(C(C)C(=O)c1ccccc1)(CC)CC,,,,,,
PF-04798310,N2(c1c(cccc1)[C@@H](Cc3c2cccc3)OC(=O)C)C(=O)N,,,,,,
PF-04971729,Clc1c(cc(cc1)[C@@]32O[C@]([C@H]([C@@H]([C@H]2O)O)O)(CO3)CO)Cc4ccc(cc4)OCC,,,,,,
PF-04982742,FC(F)(F)c1ncc(cc1)CNc2ncc(cc2)Cc3c[nH]c4ncc(cc43)Cl,,,,,,
PF-04987349,O[C@H]3CCC(=C)/C(=C\C=C/2\[C@H]1[C@@]([C@H](CC1)[C@@H](CCCC(C)C)C)(CCC2)C)/C3,,,,,,
PF-04997004,S(=O)(=O)(NC(C)(C)C)c1cc(ccc1)Nc2nc(ncc2C)Nc3ccc(cc3)OCCN4CCCC4,,,,,,
PF-05012604,N([C@@H]1CCc2c1cccc2)CC#C,,,,,,
PF-05014977,S1[C@H]2N([C@@H](C1(C)C)C(=O)O)C(=O)[C@H]2NC(=O)C(c3ccccc3)C(=O)Oc4cc5c(cc4)CCC5,,,,,,
PF-05015628,N1(C[C@@H](CCC1)N)C2=CC(=O)N(C(=O)N2Cc3c(cccc3)C#N)C,,,,,,
PF-05022372,n1(nc(c2c1ncnc2N)-c3ccc(cc3)Oc4ccccc4)[C@@H]5CN(CCC5)C(=O)C=C,,,,,,
PF-05040013,FC(F)(F)c1c(ncc(c1)N3C(=S)N(C2(CCC2)C3=O)c4cc(c(cc4)C(=O)NC)F)C#N,,,,,,
PF-05079996,n1(ncc(c1)-c2ncnc3[nH]ccc32)[C@@H](C4CCCC4)CC#N,,,,=,2.4,
PF-05087573,O=C(N1CCC[C@H]1c2nc(c[nH]2)-c3ccc(cc3)-c4ccc(cc4)-c5[nH]c(nc5)[C@@H]6CCCN6C(=O)[C@@H](NC(=O)OC)C(C)C)[C@H](C(C)C)NC(=O)OC,,,,,,
PF-05165057,N1(C(CCCC1)CCc2c(cccc2)NC(=O)c3ccc(cc3)OC)C,,,,,,
PF-05166420,N2(CCc1c(cc(c(c1)OC)OC)CC2=O)CCCN(C[C@H]3Cc4c3cc(c(c4)OC)OC)C,,,,,,
PF-05166423,FC(F)(F)c1cc(cc(c1)NC(=O)c2cc(c(cc2)C)Nc3nc(ccn3)-c4cnccc4)-n5cnc(c5)C,,,,,,
PF-05166427,N(CC)(CC)C(=O)[C@@]1([C@H](C1)CN)c2ccccc2,,,,,,
PF-05182193,Clc1cnc(cc1)N3[C@H](c2nccnc2C3=O)OC(=O)N4CCN(CC4)C,,,,,,
PF-05205049,O1C([C@H]3[C@H](c2c1cc(cc2O)CCCCC)C=C(CC3)C)(C)C,,,,,,
PF-05208746,N(=C/5\[C@@H]([C@H](O[C@]4(O[C@H]2C[C@H](OC(=O)[C@H]3[C@]1([C@H](OCC1=CC=C[C@@H](CC(=CC2)C)C)[C@@H](C(=C3)C)O)O)C4)C5)/C(=C/C(C)C)/C)C)/OC,,,,,,
PF-05208763,Clc1c(cc(c(c1)Cl)OC)Nc2c3c(ncc2C#N)cc(c(c3)OC)OCCCN4CCN(CC4)C,,,,=,1.166666667,
PF-05208767,Clc1c(ccc(c1)Nc2c3c(ncc2C#N)cc(c(c3)NC(=O)\C=C\CN(C)C)OCC)OCc4ncccc4,,,Poor StabilityPoor Stability,=,0.865649893,
PF-05236347,Cl\C=C\[C@](O)(CC)C#C,,,,,,
PF-05236803,[N@+]5([C@H]3[C@]4([C@@]1([C@@H](Oc2c1c(ccc2O)C3)C(=O)CC4)CC5)O)(CC6CC6)C,,,,=,0.57,
PF-05237359,N1[C@H](CCCC1)[C@H](c2ccccc2)C(=O)OC,,,,,,
PF-05237362,N1C[C@H](C(=O)C(C1=O)(CC)CC)C,,,,,,
PF-05239798,N1C(=O)NC(=O)C(C1=O)([C@H](CC)C)CC=C,,,,,,
PF-05240706,Fc1c(nc(nc1)Nc2cc(c(c(c2)OC)OC)OC)Nc3nc4c(cc3)OC(C(=O)N4COP(=O)(O)O)(C)C,,,,,,
PF-05279959,Fc2cc1onc(c1cc2)C3CCN(CC3)CCC5=C(N=C4N(CCC[C@@H]4O)C5=O)C,,,,,,
PF-05281093,N1(CCCCC1)CCC(O)(C2C3CC(C2)C=C3)c4ccccc4,,,,,,
PF-05312204,N([C@@H]([C@@H](O)c1ccc(cc1)O)C)CCc2ccc(cc2)O,,,,,,
PF-05331353,S(=O)(=O)(Nc3cc1c(oc(c1C(=O)c2ccc(cc2)OCCCN(CCCC)CCCC)CCCC)cc3)C,,,,,,
PF-05588163,N[C@H]1[C@H](O[C@H]([C@H]([C@@H]1O)O)CN)O[C@@H]2[C@H](O[C@H]([C@@H]2O)O[C@H]3[C@@H]([C@H](C[C@H]([C@@H]3O)N)N)O[C@H]4O[C@@H]([C@H]([C@@H]([C@H]4N)O)O)CN)CO,,,,,,
PF-05610119,S(=O)(=O)(NC1=NC(=O)N(C=C1)CC)c2ccc(cc2)N,,,,,,
PF-05667708,[N+](CCOP(=O)([O-])OCCCCCCCCCCCCCCCC)(C)(C)C,,,,,,
PF-05768567,Fc1cc(cc(c1)Cc6cc2c([nH]nc2NC(=O)c3c(cc(cc3)N4CCN(CC4)C)NC5CCOCC5)cc6)F,,,,,,
PF-05785875,O2[C@H]1[C@H](OC[C@@H]1O)[C@@H](C2)O,,,,,,
PF-06182625,S(=O)(=O)(Oc1cc4c(cc1)[C@@H]2[C@H]([C@H]3[C@](CC2)(C(=O)CC3)C)CC4)O,,,,,,
PF-06193118,N(=C/4\CC[C@@H]3[C@@H]2[C@H]([C@H]1[C@@]([C@](CC1)(OC(=O)C)C#C)(CC2)CC)CCC3=C4)\O,,,,,,
PF-06220973,O[C@H]3C[C@@H](C(=C)/C(=C\C=C/2\[C@H]1[C@@]([C@H](CC1)[C@@H](CCCC(O)(C)C)C)(CCC2)C)/C3)O,,,,,,
PF-06224848,Clc1c2c(ccc1Cl)N=C3N(C2)CC(=O)N3,,,,,,
PF-06241316,O([C@@H]4[C@@]3([C@H]([C@H]2[C@@H]([C@]1(CCC(=O)C=C1CC2)C)CC3)CC4)C)C(=O)CCCCCCCCCC,,,,,,
PF-06242283,[P@@](=O)(O[C@H](OC(=O)CC)C(C)C)(CCCCc1ccccc1)CC(=O)N2[C@@H](C[C@H](C2)C3CCCCC3)C(=O)O,,,,,,
PF-06256390,Clc1c(nc(nc1)Nc2c(cc(cc2)N3CCC(CC3)N4CCN(CC4)C)OC)Nc5c(cccc5)P(=O)(C)C,,,,,,
PF-06263877,Fc1c(nc2c(c1)C(=O)C(=CN2C3CC3)C(=O)O)N4C[C@H](\C(=N\OC)\C4)CN,,,,,,
PF-06263993,FC(F)(F)COc1c(c(ncc1)C[S@@](=O)c2[nH]c3c(n2)cccc3)C,,,,,,
PF-06264004,Clc1ccc(cc1)[C@@H]2CC[C@@H](CC2)C4=C(C(=O)c3c(cccc3)C4=O)O,,,,=,0.619,
PF-06264006,s1c(nc(c1)\C(=C\CC(=O)O)\C(=O)N[C@H]3[C@H]2SCC=C(N2C3=O)C(=O)O)N,,,,,,
PF-06286719,Clc1ccc(cc1)-c2nc3c(o2)ccc(c3)[C@H](C)C(=O)O,,,,,,
PF-06287731,[N+]1(C[C@@H](CC1)OC(=O)[C@](O)(C2CCCC2)c3ccccc3)(C)C,,,,,,
PF-06291826,Clc1cc(cc(c1)-c2nc3c(o2)cc(cc3)C(=O)O)Cl,,,,,,
PF-06369820,Clc1cc/3c(c(c1)[C@H](O)CN(CCCC)CCCC)-c2c(cc(cc2)Cl)\C3=C\c4ccc(cc4)Cl,,,,,,
PF-06376026,Fc1c(ccc(c1C(=O)c2c[nH]c3ncc(cc32)-c4ccc(cc4)Cl)F)NS(=O)(=O)CCC,,,,,,
PF-06426745,O[C@H]3CCC(=C)/C(=C\C=C/2\[C@H]1[C@@]([C@H](CC1)[C@@H](CCCC(O)(C)C)C)(CCC2)C)/C3,,,,,,
PF-06438824,n1(nc(nc1-c2c(cccc2)O)-c3c(cccc3)O)-c4ccc(cc4)C(=O)O,,,,,,
PF-06456084,N#CC[C@]4([C@@]3([C@H]([C@@H]2CCC1=CC(=O)CCC1=C2CC3)CC4)C)O,,,,,,
PF-06553797,Fc1ccc(cc1)OCCCN2CC(C(CC2)NC(=O)c3c(cc(c(c3)Cl)N)OC)OC,,,,,,
PF-06615419,S2c1c(cccc1)N(c3c2cccc3)C[C@@H]4CN(CCC4)C,,,,,,
PF-06684187,N1(C=C(C=C(C1=O)c2c(cccc2)C#N)c3ncccc3)c4ccccc4,,,,,,
PF-06700173,Clc1c(ccc(c1)Oc2c3c(ncc2)cc(c(c3)C(=O)N)OC)NC(=O)NC4CC4,,,,,,
PF-06700183,FC(F)(F)c1c(ccc(c1)NC(=O)c2cc(c(cc2)C)C#Cc4n3ncccc3nc4)CN5CCN(CC5)C,,,,,,
PF-06700198,N(CCCC31CCC(c2c1cccc2)c4c3cccc4)C,,,,,,
PF-06700206,FC1=CN(C(=O)N=C1N)[C@H]2O[C@H](SC2)CO,,,,,,
PF-06700219,n1(c(nc2c1ccc(c2)C(=O)N(CCC(=O)OCC)c3ncccc3)CNc4ccc(cc4)/C(=N\C(=O)OCCCCCC)/N)C,,,,,,
PF-06700528,Fc2nc1n(cnc1c(n2)N)[C@@H]3O[C@@H]([C@H]([C@@H]3O)O)COP(=O)(O)O,,,,,,
PF-06700532,n1(cnc2c1NC(=NC2=O)N)[C@H]3C[C@@H]([C@H](C3=C)CO)O,,,,,,
PF-06700533,Fc1c(ccc(c1)F)[C@@]2(OC[C@H](C2)COc3ccc(cc3)N4CCN(CC4)c5ccc(cc5)N6C=NN(C6=O)[C@H]([C@@H](O)C)CC)Cn7ncnc7,,,,,,
PF-06700534,FC(F)(F)c1cc(ccc1)CCCN[C@H](C)c2c3c(ccc2)cccc3,,,,,,
PF-06700543,s1c(nc(c1)/C(=N/OC)/C(=O)N[C@H]3[C@H]2SCC(=C(N2C3=O)C(=O)OCOC(=O)C(C)(C)C)/C=C\c4scnc4C)N,,,,,,
PF-06700564,N1([C@@H]2C[C@H](C[C@H]1CC2)OC(=O)[C@@H](CO)c3ccccc3)C,,,,,,
PF-06700569,N2(Cc1c(cccc1N)C2=O)[C@@H]3CCC(=O)NC3=O,,,,,,
PF-06708359,Fc1c(c(ccc1)F)S(=O)(=O)Nc2c(c(ccc2)-c3nc(sc3-c4nc(ncc4)N)C(C)(C)C)F,,,,,,
PF-06708362,[B]1(O[C@@](CC(=O)O1)(CC(=O)O)C(=O)O)[C@@H](NC(=O)CNC(=O)c2c(ccc(c2)Cl)Cl)CC(C)C,,,,,,
PF-06719696,n1(c4c(c(c1)-c2nc(ncc2)Nc3c(cc(c(c3)NC(=O)C=C)N(CCN(C)C)C)OC)cccc4)C,,,Poor StabilityPoor StabilityPoor Stability,,,% Recovery out of  +/-30% range
PF-06730011,c1(ccc(cc1)C2=C(CCC(C2)(C)C)CN3CCN(CC3)c4ccc(c(c4)Oc5cnc6c(c5)cc[nH]6)C(=O)NS(=O)(=O)c7ccc(c(c7)[N+](=O)[O-])NCC8CCOCC8)Cl,,,,,,
PF-06731050,[nH]1c3c(c2c1CC[C@H](C2)NC)cc(cc3)C(=N)O,,,,,,
PF-06731076,O[C@H]3C[C@@H](CC(=C\C=C/2\[C@H]1[C@@]([C@H](CC1)[C@H](C)/C=C/[C@@H](C(O)(C)C)C)(CCC2)C)C3)O,,,,,,
PF-06734032,Clc1c2c(ccc1)C=C(N(C2=O)c3ccccc3)[C@@H](Nc4ncnc5nc[nH]c54)C,,,,,,
PF-06755026,n1cc(ccc1)C4=CC[C@H]5[C@H]3[C@@H]([C@]2(CC[C@@H](CC2=CC3)OC(=O)C)C)CC[C@@]54C,,,,,,
PF-06780604,N2([C@@H]1[C@@H](C1)C[C@H]2C#N)C(=O)[C@@H](N)C53CC4(CC(C3)CC(C4)C5)O,,,,,,
PF-06780707,n2(c1nc(nc(c1nc2)O)N)COC(COC(=O)[C@@H](N)C(C)C)CO,,,,,,
PF-06780708,FC(F)(F)COc1c(cccc1)OCCN[C@@H](Cc2cc3c(c(c2)C(=O)N)N(CC3)CCCO)C,,,,,,
PF-06780710,S(=O)(=O)(NC(=O)COCCCCN(C(C)C)c1nc(c(nc1)-c2ccccc2)-c3ccccc3)C,,,,,,
PF-06780731,S(=O)(=O)(N(C[C@@H](O)[C@@H](NC(=O)O[C@@H]1[C@H]2[C@@H](OC1)OCC2)Cc3ccccc3)CC(C)C)c4ccc(cc4)N,,,,,,
PF-06785690,Fc1c(cccc1)Cn2nc(c3c2nccc3)-c4nc(c(c(n4)N)N(C)C(=O)OC)N,,,,,,
PF-06785702,P(=O)(OCOC(=O)OC(C)C)(OCOC(=O)OC(C)C)CO[C@@H](Cn2c1ncnc(c1nc2)N)C,,,,,,
PF-06785712,s1c(nc(c1)CN(C)C(=O)N[C@@H](CCN2CCOCC2)C(=O)N[C@H](CC[C@@H](NC(=O)OCc3scnc3)Cc4ccccc4)Cc5ccccc5)C(C)C,,,,,,
PF-06786685,N([C@@H]1[C@H]([C@@H](O[C@@H](C1)C)O[C@@H]3[C@H]([C@@H]([C@H](C(=O)O[C@@H]([C@@H]([C@@H]([C@H](C(=O)[C@@]2(OC2)C[C@@H]3C)C)OC(=O)C)C)C)C)O[C@@H]4O[C@H]([C@@H]([C@H](C4)OC)OC(=O)C)C)C)OC(=O)C)(C)C,,,,,,
PF-06786723,N2(C(=O)c1c(cccc1N)C2=O)[C@@H]3CCC(=O)NC3=O,,,,,,
PF-06786780,N[C@@H]([C@H](O)c1cc(c(cc1)O)O)C(=O)O,,,,,,
PF-06824408,FC(F)(F)c1cc(cc(c1)C(C)(C)C(=O)N(C)c2cnc(cc2-c3c(cccc3)C)N4CCN(CC4)C)C(F)(F)F,,,,,,
PF-06831112,FC(F)(F)c1cc(cc(c1)-c2nn(cn2)/C=C\C(=O)NNc3nccnc3)C(F)(F)F,,,,,,
PF-06838911,Fc1c(c(cc(c1)F)F)C(=O)Nc2nc(ccc2)C(=O)C3CCN(CC3)C,,,,,,
PF-06843727,Clc1c(cccc1N2CCN(CC2)CC[C@@H]3CC[C@H](CC3)NC(=O)N(C)C)Cl,,,,,,
PF-06852501,O[C@H]3C[C@@H](C(=C)/C(=C\C=C/2\[C@H]1[C@@]([C@H](CC1)[C@H](C)/C=C/[C@@H](C(C)C)C)(CCC2)C)/C3)O,,,,,,
PF-06878033,n1(c(nc2c1C(=O)N(C(=O)N2CC)CC)/C=C/c3cc(c(cc3)OC)OC)C,,,,,,
PF-06916990,s5c1c(c(ccc1)N2CCN(CC2)CCCCOc3cc4c(cc3)C=CC(=O)N4)cc5,,,,,,
PF-06950293,S(=O)(=O)(Nc4cc1c(cc(cc1)-c2c(c(cc(c2)N3C=CC(=O)NC3=O)C(C)(C)C)OC)cc4)C,,,,,,
PF-06952299,N1(CCCC1)C[C@@H](NC(=O)CCCCCCC)[C@H](O)c2cc3c(cc2)OCCO3,,,,,,
PF-06959637,S(=O)(=O)(NC(=O)[C@@]65NC(=O)[C@H]1[C@@H](C[C@@H](C1)Oc2c4c(nc(c2)-c3scc(n3)C(C)C)c(c(cc4)OC)C)C(=O)N(CCCCC=C[C@@H]5C6)C)C7CC7,,,,,,
PF-06969289,S([C@H]1[C@@H](C[C@@H](CC1)N)O)CC(=O)O[C@H]2[C@]3([C@H]4[C@@]([C@H]([C@@H]([C@](C2)(C)C=C)O)C)(CC[C@H]3C)CCC4=O)C,,,,,,
PF-06971607,[N+](=O)([O-])c1nc2n(c1)C[C@@H](CO2)OCc3ccc(cc3)OC(F)(F)F,,,,,,
PF-06971646,Brc5cc1c(nc(c(c1)[C@H]([C@@](O)(CCN(C)C)c2c3c(ccc2)cccc3)c4ccccc4)OC)cc5,,,,,,
PF-07052400,O([C@]4([C@@]3([C@H]([C@H]2[C@@H]([C@]1(CCC(=O)C=C1C(=C2)C)C)CC3)CC4)C)C(=O)C)C(=O)C,,,,,,
PF-07105421,n21nc(c(c1NCC[C@H]2C3CCN(CC3)C(=O)C=C)C(=O)N)-c4ccc(cc4)Oc5ccccc5,,,,,,
PF-07223509,n1(ncc(c1)-c2nc3c(nc2)ccc(c3)N(CCNC(C)C)c4cc(cc(c4)OC)OC)C,,,,,,
PF-07239882,Clc1c(nc(nc1CN2CCC=C2N)O)O,,,,,,
PF-07239901,Clc1c(ccc(c1)-c2nn(cc2)C[C@@H](NC(=O)c3n[nH]c(c3)C(O)C)C)C#N,,,,,,
PF-07263896,Fc1c(cc(cc1-c2nn(cc2-c3nc(ncc3)NC[C@@H](NC(=O)OC)C)C(C)C)Cl)NS(=O)(=O)C,,,,,,
PF-07265791,Fc1c(cc(cc1)F)[C@@H]2N(CCC2)c5nc3n(ncc3NC(=O)N4C[C@H](CC4)O)cc5,,,,,,
PF-07272964,N1([C@@H](CC[C@H]1c2ccc(cc2)NC(=O)[C@H]3N(CCC3)C(=O)[C@@H](NC(=O)OC)C(C)C)c4ccc(cc4)NC(=O)[C@H]5N(CCC5)C(=O)[C@@H](NC(=O)OC)C(C)C)c6ccc(cc6)C(C)(C)C,,,,,,
PF-07292966,n1(c(nc2c1c(ccc2)C(=O)OCC3=C(OC(=O)O3)C)OCC)Cc4ccc(cc4)-c5c(cccc5)-c6noc(n6)O,,,,,,
PF-07292968,FC(F)(F)c1c(c(ccc1)F)CN2C(=C(C(=O)N(C2=O)C[C@H](NCCCC(=O)O)c3ccccc3)c4c(c(ccc4)OC)F)C,,,,,,
PF-07292969,FC(F)([C@@]2(O[C@H]1[C@@H]([C@H](C(=O)C1)CCCCCCC(=O)O)CC2)O)CCCC,,,,,,
PF-07292980,N(C)(C)c1ccc(cc1)[C@H]3C[C@]5([C@H]([C@@H]4CCC2=CC(=O)CCC2=C43)CC[C@]5(OC(=O)C)C(=O)C)C,,,,,,
PF-07292982,S(c1c(cccc1)N2CCNCC2)c3c(cc(cc3)C)C,,,,,,
PF-07292984,S[C@H]([C@H](S)C(=O)O)C(=O)O,,,,,,
PF-07292988,Clc1c(c(cc(c1)C(=O)Nc2scc(n2)-c3c(c(ccc3)[C@@H](OCCCCCC)C)OC)Cl)/C=C(\C)/C(=O)O,,,,,,
PF-07292992,ClCC/C(=C(/c1ccc(cc1)OCCO)\c2ccccc2)/c3ccccc3,,,,,,
PF-07292995,FC(F)(F)[C@H](Oc1nc(nc(c1)-c2ccc(cc2)C[C@H](N)C(=O)OCC)N)c3c(cc(cc3)Cl)-n4nc(cc4)C,,,,,,
PF-07292996,S(=O)(=O)(N(C[C@@H](OP(=O)(O)O)[C@@H](NC(=O)O[C@@H]1COCC1)Cc2ccccc2)CC(C)C)c3ccc(cc3)N,,,,,,
PF-07292997,Fc1cc(ccc1)-c2cnc(cc2)/C=C/[C@@H]4[C@@H]3[C@H](OC(=O)[C@@H]3C[C@H]5[C@H]4CC[C@H](C5)NC(=O)OCC)C,,,,,,
PF-07293002,Clc1cnc(cc1)NC(=O)c2c(ccc(c2)OC)NC(=O)c3ccc(cc3)C(=N)N(C)C,,,,,,
PF-07293016,FC(F)(F)c1cc(c(cc1)OC)N3[C@H](c2c(c(ccc2)F)N=C3N4CCN(CC4)c5cc(ccc5)OC)CC(=O)O,,,,,,
PF-07293029,FC(F)(F)c1nc(ccc1)-c2nc(nc(n2)Nc3cc(ncc3)C(F)(F)F)NCC(O)(C)C,,,,,,
PF-07293042,N([C@@H](C[C@@H](C)C(=O)OCC)Cc1ccc(cc1)-c2ccccc2)C(=O)CCC(=O)O,,,,,,
PF-07293043,Fc1c(ccc(c1)N2C[C@@H](OC2=O)COP(=O)(O)O)-c3cnc(cc3)-c4nn(nn4)C,,,,,,
PF-07293047,FC1(CC(C1)NC(=O)[C@@H](N(c2cncc(c2)F)C(=O)[C@H]3N(C(=O)CC3)c4nccc(c4)C#N)c5c(cccc5)Cl)F,,,,,,
PF-07293051,n51c7c(cc1-c2c(cc(cc2)-c3[nH]c(nc3)[C@H]4N(CCC4)C(=O)[C@@H](NC(=O)OC)C(C)C)O[C@H]5c6ccccc6)cc(cc7)-c8[nH]c(nc8)[C@H]9N(CCC9)C(=O)[C@@H](NC(=O)OC)C(C)C,,,,,,
PF-07293054,Clc1cnc(cc1)NC(=O)C(=O)N[C@@H]2[C@@H](C[C@H](CC2)C(=O)N(C)C)NC(=O)c3sc4c(n3)CCN(C4)C,,,,,,
PF-07293058,N([C@@H](CCC(=O)O)C(=O)O)C(=O)N,,,,,,
PF-07293659,FC(F)(F)c1cc(cc(c1)C(F)(F)F)[C@H](OC[C@@]3(NC[C@]2(NC(=O)CC2)CC3)c4ccccc4)C,,,,,,
PF-07293666,N(C[C@H]1[C@@H](C1)c2c3c(ccc2)OCC3)C(=O)CC,,,,,,
PF-07296555,N[C@@H](COC(=O)N)Cc1ccccc1,,,,,,
PF-07301210,Clc1c(cccc1)[C@@H](OC(=O)N)Cn2nncn2,,,,,,
PF-07306627,C[C@H]1CC[C@H](N1C(=O)[C@H](C(C)C)NC(=O)OC)c2[nH]c3c(n2)ccc4c3cc6c(c4)-c5ccc(cc5CO6)-c7cnc([nH]7)[C@@H]8C[C@@H](CN8C(=O)[C@@H](c9ccccc9)NC(=O)OC)COC,,,,,,
PNU-0084911,Fc1cc2c(cc1)C(=O)C(=CN2C)S(=O)C,,,,,,
RS-006775,N1OC[C@H](C1=O)N,,,,,,
RS-051398,S(=O)(=O)(c1ccc(cc1)NCS(=O)O)c2ccc(cc2)NCS(=O)O,,,,,,
RS-091738,[N+]2(=C(c1c(ccc(c1)Cl)N=C(C2)NC)c3ccccc3)[O-].Cl,,,,,,
RS-248667,[C@@]76([C@H]1[C@@H]([C@@]2([C@H](CC1)C[C@H](CC2)O[C@H]3C[C@@H]([C@@H]([C@H](O3)C)O[C@H]4C[C@@H]([C@@H]([C@H](O4)C)O[C@H]5C[C@@H]([C@@H]([C@H](O5)C)O)OC(=O)C)O)O)C)CC[C@@]6([C@H](CC7)C8=CC(=O)OC8)C)O,,,,,,
RS-291179,O[C@@H]4[C@@]1([C@H]([C@H]3[C@H](CC1)c2c(cc(cc2)OC(=O)C)CC3)CC4)C,,,,,,
RS-292564,F[C@H]3C[C@@H]1[C@H]([C@H](C[C@]2([C@H]1CC[C@]2(O)C(=O)CO)C)O)[C@@]4(C3=CC(=O)C=C4)C,,,,,,
RS-350179,O(CC)C(=O)CCC/C=C\C/C=C\C/C=C\C/C=C\C/C=C\CC,,,,,,
VC-000054920,N1([C@H](CNC2=C1C(=O)NC(=N2)N)CNc3ccc(cc3)C(=O)N[C@@H](CCC(=O)O)C(=O)O)C,,,,,,
VC-000055307,N1[C@H](CNC2=C1C(=O)NC(=N2)N)[C@@H](O)[C@@H](O)C,,,,,,
VC-000478066,FC(F)(F)c1ccc(cc1)C(=O)NN3C(=O)[C@@H]2[C@@H]4[C@H]5[C@@H]([C@@H]([C@@H]2C3=O)C=C4)C5,,,,,,
VC-000486005,C6(=O)[C@@H](NC(=O)O[C@@H]1C[C@H]1CCCCCc3c(nc2cc(ccc2n3)OC)O[C@@H]7C[C@@H](C(=O)N[C@]4([C@H](C=C)C4)C(=O)NS(=O)(=O)C5CC5)N6C7)C(C)(C)C,,,,,,
VC-000639250,FC(F)(F)C1=C(C(=O)N(C=C1)CC2=NNC(=O)N2C)Oc3cc(cc(c3)C#N)Cl,,,,,,
VC-000722511,Clc2cc1nc(oc1cc2)N3CCN([C@@H](CC3)C)C(=O)c4c(ccc(c4)C)-n5nccn5,,,,,,
VC-000722562,Oc1c(c(cc(c1)CCCCC)O)[C@H]2[C@@H](CCC(=C2)C)C(=C)C,,,,,,
VC-001107422,FC(F)(F)c1c(ccc(c1)CO/N=C(\C)/c2cc(c(cc2)CN3CC(C3)C(=O)O)CC)C4CCCCC4,,,,,,
VC-001213078,N(C[C@@H]([C@@H](CC)c1cc(ccc1)O)C)(C)C,,,,,,
VC-001215203,Clc1c(ccc(c1)CNc2nc(ncc2C(=O)NCc3ncccn3)N4[C@@H](CCC4)CO)OC,,,,,,
VC-001215204,[S@@](=O)(C(c1ccccc1)c2ccccc2)CC(=O)N,,,,,,
VC-001215210,s1c(nc(c1)/C(=N/O)/C(=O)N[C@@H]3[C@@H]2SCC(=C(N2C3=O)C(=O)O)C=C)N,,,,,,
VC-001215215,[nH]1c(ncc1-c2ccccc2)[C@@H](N(Cc3cc(c(cc3)OC)C(=O)O)C(=O)[C@@H](N)Cc4c(cc(cc4C)C(=O)N)C)C,,,,,,
VC-001215216,O(C(COC(=O)CCCc1ccccc1)COC(=O)CCCc2ccccc2)C(=O)CCCc3ccccc3,,,,,,
VC-001215218,CC(C)[C@@H](C(=O)N2CC1(CC1)C[C@H]2c3[nH]c(cn3)-c4ccc-5c(c4)C(c6c-5ccc(c6)-c7ccc8c(c7)[nH]c(n8)[C@@H]%10[C@H]9CC[C@H](C9)N%10C(=O)[C@H](C(C)C)NC(=O)OC)(F)F)NC(=O)OC,,,,,,
VC-001215221,N([C@H](Cc1ccccc1)C)C(=O)[C@@H](N)CCCCN,,,,,,
VC-001215223,[nH]1c4c(c(c1)C[C@@H](NC(=O)[C@H](NC(=O)C(N)(C)C)Cc2c[nH]c3c2cccc3)NC=O)cccc4,,,,,,
VC-001215226,N2([C@@H](Cc1c(cc(c(c1)OC)OC)C2)C(=O)O)C(=O)[C@@H](N[C@@H](CCc3ccccc3)C(=O)OCC)C,,,,,,
VC-001215228,C[C@H]([C@@H](C(=O)N1CCC[C@H]1c3[nH]c2cc(c(cc2n3)F)[C@H]4CC[C@@H](N4c5cc(c(c(c5)F)N6CCC(CC6)c7ccc(cc7)F)F)c8cc9c(cc8F)nc([nH]9)[C@@H]%10CCCN%10C(=O)[C@H]([C@@H](C)OC)NC(=O)OC)NC(=O)OC)OC,,,,,,
VC-001215229,N(OC)(Cc1c4c(c(cc1)O)C(=O)C3=C([C@]2([C@H]([C@@H](C(=C(C2=O)C(=O)N)O)N(C)C)C[C@@H]3C4)O)O)C,,,,,,
VC-001215233,F[C@]1([C@@H](O[C@@H]([C@H]1O)COP(=O)(N[C@@H](C)C(=O)OC(C)C)Oc2ccccc2)N3C=CC(=O)NC3=O)C,,,,,,
VC-001215234,s1c(ccc1)CN(C2CCN(CC2)C)c3ccccc3,,,,,,
VC-001215235,P(=O)(N[C@@H](C)C(=O)OC(C)C)(Oc1ccccc1)CO[C@@H](Cn3c2ncnc(c2nc3)N)C,,,,,,
VC-001215240,Fc1c3c(ccc1F)[C@@H](c2c(cccc2)SC3)N5N4C(=C(C(=O)C=C4)OCOC(=O)OC)C(=O)N6[C@H]5COCC6,,,,,,
VC-001215245,N6([C@H]3[C@H]4[C@@]1([C@@H](Oc2c1c(ccc2OC)C3)C(=CC4)OC(=O)c5ccccc5)CC6)C,,,,,,
VC-001215248,Fc1c(c(cc(c1)F)F)CNC(=O)C5=CN4C[C@@H]2N([C@@H]3C[C@H](O2)CC3)C(=O)C4=C(C5=O)O,,,,,,
VC-001215249,[2H]C([2H])([2H])Oc1c(cc3c(c1)[C@@H]2N(C[C@H](C(=O)C2)CC(C)C)CC3)OC([2H])([2H])[2H],,,,,,
VC-001215350,N31[C@H](C[C@H]([C@@H](C1)CC(C)C)OC(=O)[C@@H](N)C(C)C)c2c(cc(c(c2)OC)OC)CC3,,,,,,
VC-001215351,N5([C@H]3[C@]4([C@@]1([C@@H](Oc2c1c(ccc2O)C3)[C@H](CC4)OCCOCCOCCOCCOCCOCCOCCOC)CC5)O)CC=C,,,,,,
VC-001215352,N7([C@H]3[C@]4([C@@]1([C@@H](Oc2c1c(ccc2O)C3)C(=C(C4)C(=O)NC(C)(C)c5nc(no5)-c6ccccc6)O)CC7)O)CC8CC8,,,,,,
VC-001215353,CC[C@@H]1[C@@H]7CN([C@@H]1C(=O)N[C@@]2(C[C@H]2C(F)F)C(=O)NS(=O)(=O)C3(CC3)C)C(=O)[C@@H](NC(=O)O[C@@H]4C[C@H]4CCCCC(c6c(nc5cc(ccc5n6)OC)O7)(F)F)C(C)(C)C,,,,,,
VC-001215367,N([C@H]4[C@H]1[C@](C(=C3[C@H](C1)Cc2c(c(c(cc2N(C)C)CNCC(C)(C)C)O)C3=O)O)(C(=O)C(=C4O)C(=O)N)O)(C)C,,,,,,
VC-001215420,S1[C@H]2N(C(=C(C1)COC(=O)N)C(=O)O[C@@H](OC(=O)C)C)C(=O)[C@H]2NC(=O)/C(=N\OC)/c3occc3,,,,,,
VC-001215421,C1[C@@H]6CN([C@@H]1C(=O)N[C@@]2(C[C@H]2C(F)F)C(=O)NS(=O)(=O)C3(CC3)C)C(=O)[C@@H](NC(=O)O[C@H]7[C@H](OCC=CC(c5c(nc4ccccc4n5)O6)(F)F)CCC7)C(C)(C)C,,,,,,
VC-001215435,N31[C@@H](CC(=O)[C@@H](C1)CC(C)C)c2c(cc(c(c2)OC)OC)CC3,,,,,,
VC-001224817,[N+]1(CCN(CC1)C[C@](O)(C2CCCCC2)c3ccccc3)(C)C,,,,,,
VC-001224818,[N+]1([C@@H]2C[C@H](C[C@H]1CC2)OC(=O)[C@@H](O)c3ccccc3)(C)C,,,,,,
VC-001224819,[n+]1(cn(nc1)C[C@@](O)([C@@H](C)c2scc(n2)-c3ccc(cc3)C#N)c4c(ccc(c4)F)F)[C@H](OC(=O)N(C)c5ncccc5COC(=O)CNC)C,,,,,,
VC-001229291,Fc1c(cc2c(c1)C(=O)C(=CN2c3c(cc(cc3)F)F)C(=O)O)N4C[C@H](NCC4)C,,,,,,
VC-001229331,S[C@H](C)C(=O)NCC(=O)O,,,,,,
VC-001229554,N1(CCCCC1)CC[C@](O)(C2CCCC2)c3ccccc3,,,,,,
VC-001230244,N([C@@]1([C@@H]2C[C@H](C1(C)C)CC2)C)C,,,,,,
VC-001274378,N1(C(=O)CCC1=O)CCOC(=O)\C=C\C(=O)OC,,,,,,
VC-001274380,FC(F)(F)C(COc1nn(cc1)-c2nc(c(cc2)C(=O)NS(=O)(=O)c3cn(nc3C)C)N4C[C@H](CC4(C)C)C)(C)C,,,,,,
VC-001275219,FC(F)(F)CN1[C@@H]([C@@H](C[C@@H](C1=O)NC(=O)c2cnc3c(c2)C[C@]5(C3)c4c(nccc4)NC5=O)c6ccccc6)C,,,,,,
VC-001275220,Fc1cnc(cc1)NC(=O)[C@H]2[C@](C2)(COc3c(nc(nc3)C)C)c4cc(ccc4)F,,,,,,
VC-001275221,Fc1ccc(cc1)C(=O)CCCN5C[C@@H]3[C@@H](N2CCN(c4c2c3ccc4)C)CC5,,,,,,
